District,Janpad,Sector,Gram_Panchayat,GP_20Sep_Name,Sub_Engineer,Correction
Maihar,Amarpatan,BELA,BELA,Bela,सुनील मिश्रा,
Maihar,Amarpatan,BELA,DITHAURA,Dithoura,सुनील मिश्रा,
Maihar,Amarpatan,BELA,JHINNA,Ghinna,सुनील मिश्रा,
Maihar,Amarpatan,BELA,JHIRIYAKOPARIHAN,Jhiriya Kopariyan,सुनील मिश्रा,
Maihar,Amarpatan,BELA,KAKALPUR,Kakalpur,सुनील मिश्रा,
Maihar,Amarpatan,BELA,KEMAR,Kemara,सुनील मिश्रा,
Maihar,Amarpatan,BELA,KHAJURI SUKHNANDAN,Khajuri Sukhnandan,सुनील मिश्रा,
Maihar,Amarpatan,BELA,MADHA,Madha,सुनील मिश्रा,
Maihar,Amarpatan,BELA,PAGARA,Pagara,सुनील मिश्रा,
Maihar,Amarpatan,BELA,PAIPKHARA,Paipakhara,सुनील मिश्रा,
Maihar,Amarpatan,BELA,RUHIYA,Ruhiya,सुनील मिश्रा,
Maihar,Amarpatan,BELA,SANNEHIBADA,Sannehi Bada,सुनील मिश्रा,
Maihar,Amarpatan,LALPUR,BARREHBADA,Bareh Bada,अश्वनी पटेल,
Maihar,Amarpatan,LALPUR,BHISHAMPUR,Bhiesampur,अश्वनी पटेल,
Maihar,Amarpatan,LALPUR,CHORAKHARI,Chorkhadi,अश्वनी पटेल,
Maihar,Amarpatan,LALPUR,DEORI(JAGDISHPUR),Dewari,अश्वनी पटेल,
Maihar,Amarpatan,LALPUR,ITMAKOTHAR,Itama Kothar,अश्वनी पटेल,
Maihar,Amarpatan,LALPUR,KHARAM SEDA,Kharamseda,अश्वनी पटेल,
Maihar,Amarpatan,LALPUR,KIRHAI,Kirhai,अश्वनी पटेल,
Maihar,Amarpatan,LALPUR,KUMHARI,Kumhari,अश्वनी पटेल,
Maihar,Amarpatan,LALPUR,LALPUR,Lalpur,अश्वनी पटेल,
Maihar,Amarpatan,LALPUR,MADHI (BIRDUTT),Madhi Beerdutt,अश्वनी पटेल,
Maihar,Amarpatan,LALPUR,MAUHARIYALALAN,Mouhariya Lalan,अश्वनी पटेल,
Maihar,Amarpatan,LALPUR,OBRA,Overa,अश्वनी पटेल,
Maihar,Amarpatan,LALPUR,PATHARA,Pathara,अश्वनी पटेल,
Maihar,Amarpatan,LALPUR,SUWA,Suaia,अश्वनी पटेल,
Maihar,Amarpatan,MAUHARI KATARA,AHIRGAON,Ahirgaon,अनिल पटेल,
Maihar,Amarpatan,MAUHARI KATARA,DEO,Deua,अनिल पटेल,
Maihar,Amarpatan,MAUHARI KATARA,DINAPUR,Dinapur,अनिल पटेल,
Maihar,Amarpatan,MAUHARI KATARA,ERA,Aira,अनिल पटेल,
Maihar,Amarpatan,MAUHARI KATARA,KARAHI LAMI,Karahi Lami,अनिल पटेल,
Maihar,Amarpatan,MAUHARI KATARA,KHUTAHA,Khutaha,अनिल पटेल,
Maihar,Amarpatan,MAUHARI KATARA,KORIGAWAN,Korigaon,अनिल पटेल,
Maihar,Amarpatan,MAUHARI KATARA,MAHUDAR,Mahudar,अनिल पटेल,
Maihar,Amarpatan,MAUHARI KATARA,MAUHARI KATARA,Mouhari Katara,अनिल पटेल,
Maihar,Amarpatan,MAUHARI KATARA,SEMARIYA,Semariya,अनिल पटेल,
Maihar,Amarpatan,MAUHARI KATARA,SILPARI,Silpari,अनिल पटेल,
Maihar,Amarpatan,MAUHARI KATARA,TYONDHARANOTWO,Tyondhara N2,अनिल पटेल,
Maihar,Amarpatan,MAUHARI KATARA,TYONDHARI,Tyondhari,अनिल पटेल,
Maihar,Amarpatan,MAUHARI KATARA,UMARISHIVRAJI,Umari Shivraji,अनिल पटेल,
Maihar,Amarpatan,PARASWAHI,DHAURAHRA,Dhaurahara,अनिल पटेल अति0,
Maihar,Amarpatan,PARASWAHI,DOMA,Doma,अनिल पटेल अति0,
Maihar,Amarpatan,PARASWAHI,GORA,Gora,अनिल पटेल अति0,
Maihar,Amarpatan,PARASWAHI,KAKARA,Kakara,अनिल पटेल अति0,
Maihar,Amarpatan,PARASWAHI,KATHAHA,Kataha,अनिल पटेल अति0,
Maihar,Amarpatan,PARASWAHI,MAGRAJ,Magraj,अनिल पटेल अति0,
Maihar,Amarpatan,PARASWAHI,MAJHGAWAN,Majhagawan,अनिल पटेल अति0,
Maihar,Amarpatan,PARASWAHI,MAUHAT,Mouhat,अनिल पटेल अति0,
Maihar,Amarpatan,PARASWAHI,NAUGAWAN,Nougaon,अनिल पटेल अति0,
Maihar,Amarpatan,PARASWAHI,PARASWAHI,Paraswahi,अनिल पटेल अति0,
Maihar,Amarpatan,PARASWAHI,RAIKAWAR,Raikwar,अनिल पटेल अति0,
Maihar,Amarpatan,PARASWAHI,SARBAKA,Sarabaka,अनिल पटेल अति0,
Maihar,Amarpatan,RAMGARH,AMJHAR,Amjhar,श्रीमती साधना चौरे,
Maihar,Amarpatan,RAMGARH,BACHHARA,Bachhara,श्रीमती साधना चौरे,
Maihar,Amarpatan,RAMGARH,BHADRA,Bhadara,श्रीमती साधना चौरे,
Maihar,Amarpatan,RAMGARH,BHICHHIYAKHURD,Bichhiya Khurd,श्रीमती साधना चौरे,
Maihar,Amarpatan,RAMGARH,BIDHUIKHURD,Bidhui Khurd,श्रीमती साधना चौरे,
Maihar,Amarpatan,RAMGARH,GHUISA,Ghuisa,श्रीमती साधना चौरे,
Maihar,Amarpatan,RAMGARH,ITMA,Itama,श्रीमती साधना चौरे,
Maihar,Amarpatan,RAMGARH,PAL,Pale,श्रीमती साधना चौरे,
Maihar,Amarpatan,RAMGARH,PAPRA,Papara,श्रीमती साधना चौरे,
Maihar,Amarpatan,RAMGARH,PODIKALAN,Podie Kala,श्रीमती साधना चौरे,
Maihar,Amarpatan,RAMGARH,RAMGARH,Ramgarh,श्रीमती साधना चौरे,
Maihar,Amarpatan,TALA,AMIN,Amin,सत्यनारायण मिश्रा,
Maihar,Amarpatan,TALA,ANANDGARH,Anand Garh,सत्यनारायण मिश्रा,
Maihar,Amarpatan,TALA,BHADWA,Bhadawa,सत्यनारायण मिश्रा,
Maihar,Amarpatan,TALA,BIGAUDI,Bigoudi,सत्यनारायण मिश्रा,
Maihar,Amarpatan,TALA,DHOBAHATA,Dhobhat,सत्यनारायण मिश्रा,
Maihar,Amarpatan,TALA,JAMUNA,Jamuna,सत्यनारायण मिश्रा,
Maihar,Amarpatan,TALA,KOTAR,Kotar,सत्यनारायण मिश्रा,
Maihar,Amarpatan,TALA,LALITPURNOTWO,Lalitpur,सत्यनारायण मिश्रा,
Maihar,Amarpatan,TALA,MARHI (NEAR AJMAIN),Madhie,सत्यनारायण मिश्रा,
Maihar,Amarpatan,TALA,MUKUNDPUR,Mukundpur,सत्यनारायण मिश्रा,
Maihar,Amarpatan,TALA,PARSIYA,Parasiya,सत्यनारायण मिश्रा,
Maihar,Amarpatan,TALA,TALA,Tala,सत्यनारायण मिश्रा,
Maihar,Maihar,AMDARA,AMDARA,Amdara,बृजेश सिंह,
Maihar,Maihar,AMDARA,GHUNWARRA,Ghunwara,बृजेश सिंह,
Maihar,Maihar,AMDARA,GORAIAKALA,Goraiya Kala,बृजेश सिंह,
Maihar,Maihar,AMDARA,KHERWASANI,Kherwa Sani,बृजेश सिंह,
Maihar,Maihar,AMDARA,KUTHILGWAN,Kuthilgawan,बृजेश सिंह,
Maihar,Maihar,AMDARA,MAHEDAR,Mahedar,बृजेश सिंह,
Maihar,Maihar,AMDARA,MATWARA,Matwara,बृजेश सिंह,
Maihar,Maihar,AMDARA,NAUGAWAN,Naugawan,बृजेश सिंह,
Maihar,Maihar,AMDARA,RAIGAWAN,Raigaon,बृजेश सिंह,
Maihar,Maihar,AMDARA,SEMRA,Semara,बृजेश सिंह,
Maihar,Maihar,AMDARA,SUHAULA,Suhaula,बृजेश सिंह,
Maihar,Maihar,AMDARA,TIGHARAKHURD,Tighara Khurd,बृजेश सिंह,
Maihar,Maihar,BADERA,AJWAIN,Ajwain,धनंजय त्रिपाठी,
Maihar,Maihar,BADERA,AMATARA,Amatara,धनंजय त्रिपाठी,
Maihar,Maihar,BADERA,AMILIYA,Amiliya,धनंजय त्रिपाठी,
Maihar,Maihar,BADERA,BADERA,Badera,धनंजय त्रिपाठी,
Maihar,Maihar,BADERA,BIHARAKALAN,Bihara Kala,धनंजय त्रिपाठी,
Maihar,Maihar,BADERA,DHANWAHI,Dhanwahi,धनंजय त्रिपाठी,
Maihar,Maihar,BADERA,DHARAMPURA,Dharampura,धनंजय त्रिपाठी,
Maihar,Maihar,BADERA,KAKARA,Kakara,धनंजय त्रिपाठी,
Maihar,Maihar,BADERA,KOYLARI,Kewalari,धनंजय त्रिपाठी,
Maihar,Maihar,BADERA,KUDWA,Kudawa,धनंजय त्रिपाठी,
Maihar,Maihar,BADERA,MAJHAGAWAN,Majhgawan,धनंजय त्रिपाठी,
Maihar,Maihar,GOBRI,BARETHI,Barethi,श्रीमती मीना अग्रवाल,
Maihar,Maihar,GOBRI,BATHIYA,Bathiya,श्रीमती मीना अग्रवाल,
Maihar,Maihar,GOBRI,BHATIGAWAN,Bhatigawan,श्रीमती मीना अग्रवाल,
Maihar,Maihar,GOBRI,BHEDA,Bhenda,श्रीमती मीना अग्रवाल,
Maihar,Maihar,GOBRI,CHAPNA,Chapana,श्रीमती मीना अग्रवाल,
Maihar,Maihar,GOBRI,DEORA,Dewara,श्रीमती मीना अग्रवाल,
Maihar,Maihar,GOBRI,GOBRI,Gowari,श्रीमती मीना अग्रवाल,
Maihar,Maihar,GOBRI,KANSA,Kansa,श्रीमती मीना अग्रवाल,
Maihar,Maihar,GOBRI,KARTAHA,Kartaha,श्रीमती मीना अग्रवाल,
Maihar,Maihar,GOBRI,KARUWA,Karuwa,श्रीमती मीना अग्रवाल,
Maihar,Maihar,GOBRI,MAGRAURA,Magraura,श्रीमती मीना अग्रवाल,
Maihar,Maihar,KUSEDI,BERMA,Berma,राज रंजन तिवारी,
Maihar,Maihar,KUSEDI,BHAISASUR,Bhainsasur,राज रंजन तिवारी,
Maihar,Maihar,KUSEDI,BHAMRAHA,Bhamraha,राज रंजन तिवारी,
Maihar,Maihar,KUSEDI,BHARAULI,Bharouli,राज रंजन तिवारी,
Maihar,Maihar,KUSEDI,HINAUTA KALAN,Hinauta Kala,राज रंजन तिवारी,
Maihar,Maihar,KUSEDI,ITAHARA,Ithara,राज रंजन तिवारी,
Maihar,Maihar,KUSEDI,ITAMA,Itama,राज रंजन तिवारी,
Maihar,Maihar,KUSEDI,KANHWARA,Kanhawara,राज रंजन तिवारी,
Maihar,Maihar,KUSEDI,KHAIRA,Khaira,राज रंजन तिवारी,
Maihar,Maihar,KUSEDI,KHERWAKALAN,Kherwa Kala,राज रंजन तिवारी,
Maihar,Maihar,KUSEDI,KUSEDI,Kusedi,राज रंजन तिवारी,
Maihar,Maihar,KUSEDI,LODHAUTI,Luthoti,राज रंजन तिवारी,
Maihar,Maihar,NADAN SHARDAPRASAD,BARAHIYA,Barahiya,योगेन्द्र सिंह अति0,
Maihar,Maihar,NADAN SHARDAPRASAD,BUDHERUA,Budheruwa,योगेन्द्र सिंह अति0,
Maihar,Maihar,NADAN SHARDAPRASAD,DUBEHI,Dubehi,योगेन्द्र सिंह अति0,
Maihar,Maihar,NADAN SHARDAPRASAD,JAMTAL,Jamtal,योगेन्द्र सिंह अति0,
Maihar,Maihar,NADAN SHARDAPRASAD,JARIYARI,Jariyari,योगेन्द्र सिंह अति0,
Maihar,Maihar,NADAN SHARDAPRASAD,KANCHANPUR,Kanchanpur,योगेन्द्र सिंह अति0,
Maihar,Maihar,NADAN SHARDAPRASAD,KARAUDI KAP NADAN,Karaundi Kap Nadan,योगेन्द्र सिंह अति0,
Maihar,Maihar,NADAN SHARDAPRASAD,KARAUDIUPADYAYA,Karondiya,योगेन्द्र सिंह अति0,
Maihar,Maihar,NADAN SHARDAPRASAD,NADAN SHARDAPRASAD,Nadan Shardaprasad,योगेन्द्र सिंह अति0,
Maihar,Maihar,NADAN SHARDAPRASAD,NADAN SHIVAPRASAD,Nadan Shivprasad,योगेन्द्र सिंह अति0,
Maihar,Maihar,NADAN SHARDAPRASAD,NARURA,Naraura,योगेन्द्र सिंह अति0,
Maihar,Maihar,NADAN SHARDAPRASAD,RIGRA,Rigara,योगेन्द्र सिंह अति0,
Maihar,Maihar,PAKARIYA,AMUWA,Amuwa,राज रंजन तिवारी अति0,
Maihar,Maihar,PAKARIYA,BINAIKA,Vineka,राज रंजन तिवारी अति0,
Maihar,Maihar,PAKARIYA,DHANEDI KHURD,Dhanedi Khurd,राज रंजन तिवारी अति0,
Maihar,Maihar,PAKARIYA,GUGADI,Gugadi,राज रंजन तिवारी अति0,
Maihar,Maihar,PAKARIYA,JHUKEHI,Jhukehi,राज रंजन तिवारी अति0,
Maihar,Maihar,PAKARIYA,KARAUDIA,Karaundi,राज रंजन तिवारी अति0,
Maihar,Maihar,PAKARIYA,PAKARIYA,Pakariya,राज रंजन तिवारी अति0,
Maihar,Maihar,PAKARIYA,PALA,Pala,राज रंजन तिवारी अति0,
Maihar,Maihar,PAKARIYA,PALAUHA,Palouha,राज रंजन तिवारी अति0,
Maihar,Maihar,PAKARIYA,PATHARAHATA,Patharhata,राज रंजन तिवारी अति0,
Maihar,Maihar,PAKARIYA,ROHINIYA KHURD,Rohaniya Khurd,राज रंजन तिवारी अति0,
Maihar,Maihar,PAKARIYA,SABHAGANJ,Sabhaganj,राज रंजन तिवारी अति0,
Maihar,Maihar,PONDI,BARAHI,Barahi,जय अर्खेल,
Maihar,Maihar,PONDI,DADI,Dandi,जय अर्खेल,
Maihar,Maihar,PONDI,DHATURA,Dhatura,जय अर्खेल,
Maihar,Maihar,PONDI,HARNAMPUR,Harnampur,जय अर्खेल,
Maihar,Maihar,PONDI,JEETNAGAR,Jeetnagar,जय अर्खेल,
Maihar,Maihar,PONDI,KALYANPUR,Kalyanpur,जय अर्खेल,
Maihar,Maihar,PONDI,KUTAI,Kutai,जय अर्खेल,
Maihar,Maihar,PONDI,NAKTARA,Naktara,जय अर्खेल,
Maihar,Maihar,PONDI,PIPRAKALAN,Pipara Kala,जय अर्खेल,
Maihar,Maihar,PONDI,PONDI,Pondi,जय अर्खेल,
Maihar,Maihar,RIWARA,BARAKHURD,Bara Khurd,योगेन्द्र सिंह,
Maihar,Maihar,RIWARA,GORAIYA,Goraiya,योगेन्द्र सिंह,
Maihar,Maihar,RIWARA,JHANJHWARI,Jhanjhwari,योगेन्द्र सिंह,
Maihar,Maihar,RIWARA,JOBA,Jowa,योगेन्द्र सिंह,
Maihar,Maihar,RIWARA,JUDWANI,Judawani,योगेन्द्र सिंह,
Maihar,Maihar,RIWARA,LATAGAON,Latagaon,योगेन्द्र सिंह,
Maihar,Maihar,RIWARA,MAUDAHA,Maudaha,योगेन्द्र सिंह,
Maihar,Maihar,RIWARA,PATEHRA,Patehara,योगेन्द्र सिंह,
Maihar,Maihar,RIWARA,PIPRABARRBAND,Pipara Barband,योगेन्द्र सिंह,
Maihar,Maihar,RIWARA,RIWARA,Riwara,योगेन्द्र सिंह,
Maihar,Maihar,RIWARA,SARANG,Sarang,योगेन्द्र सिंह,
Maihar,Maihar,SONWARI,BHADAN PUR N.,Bhadanpur Ne,सुरेश सिंह,
Maihar,Maihar,SONWARI,BHADANPUR SW,Bhadanpur Sn,सुरेश सिंह,
Maihar,Maihar,SONWARI,BHATOORA,Bhatura,सुरेश सिंह,
Maihar,Maihar,SONWARI,CHAUPADA,Choupada,सुरेश सिंह,
Maihar,Maihar,SONWARI,DELHA,Delha,सुरेश सिंह,
Maihar,Maihar,SONWARI,DEORI,Dewari,सुरेश सिंह,
Maihar,Maihar,SONWARI,GHORVAI,Ghorwai,सुरेश सिंह,
Maihar,Maihar,SONWARI,HARDASPUR,Hardaspur,सुरेश सिंह,
Maihar,Maihar,SONWARI,SADHERA,Sadhera,सुरेश सिंह,
Maihar,Maihar,SONWARI,SALAIYA,Salaiya,सुरेश सिंह,
Maihar,Maihar,SONWARI,SONWARI,Sonwari,सुरेश सिंह,
Maihar,Maihar,TILAURA,AMILYA KALAN,Amiliya Kala,राजा भैया सिंह,
Maihar,Maihar,TILAURA,BANSHIPUR,Bansipur,राजा भैया सिंह,
Maihar,Maihar,TILAURA,BELDARRA,Beldara,राजा भैया सिंह,
Maihar,Maihar,TILAURA,DHANWAHIKALAN,Dhanwahi Kala,राजा भैया सिंह,
Maihar,Maihar,TILAURA,HINAUTA GAJGAUNA,Hinauta Gajgauna,राजा भैया सिंह,
Maihar,Maihar,TILAURA,JURA,Jora,राजा भैया सिंह,
Maihar,Maihar,TILAURA,KARAIYA DEORI,Karaiya Deori,राजा भैया सिंह,
Maihar,Maihar,TILAURA,MADAI,Madai,राजा भैया सिंह,
Maihar,Maihar,TILAURA,MANTOLWA,Mantolwa,राजा भैया सिंह,
Maihar,Maihar,TILAURA,PAHADI,Pahadi,राजा भैया सिंह,
Maihar,Maihar,TILAURA,TILAURA,Tilora,राजा भैया सिंह,
Maihar,Maihar,TILAURA,TINDUHATA,Tinduhata,राजा भैया सिंह,
Maihar,Maihar,TILAURA,UMRI PHIPHARI,Umari Fifari,राजा भैया सिंह,
Maihar,Ramnagar,BADAITMA,BADAITMA,Bada Itama,राजा राम चंदेल,
Maihar,Ramnagar,BADAITMA,BADWAR,Badwar,राजा राम चंदेल,
Maihar,Ramnagar,BADAITMA,DADHEECHTOLA,Dhadheech Tola,राजा राम चंदेल,
Maihar,Ramnagar,BADAITMA,DEVRA,Devra,राजा राम चंदेल,
Maihar,Ramnagar,BADAITMA,HARRAI,Harrai,राजा राम चंदेल,
Maihar,Ramnagar,BADAITMA,KHARA,Khara,राजा राम चंदेल,
Maihar,Ramnagar,BADAITMA,KUDARIKALAN,Kundehri Kala,राजा राम चंदेल,
Maihar,Ramnagar,BADAITMA,MANKAHRI,Mankahari,राजा राम चंदेल,
Maihar,Ramnagar,BADAITMA,NADO,Nado,राजा राम चंदेल,
Maihar,Ramnagar,BADAITMA,SULKHAMA,Sulkhama,राजा राम चंदेल,
Maihar,Ramnagar,BADAITMA,TENGANA,Tegana,राजा राम चंदेल,
Maihar,Ramnagar,GANGASAGAR,DEVRAMALHAI,Dewara Molhai,अनिल पाण्डेय,
Maihar,Ramnagar,GANGASAGAR,GANGASAGAR,Ganga Sagar,अनिल पाण्डेय,
Maihar,Ramnagar,GANGASAGAR,GIDHAILA,Gidhaila,अनिल पाण्डेय,
Maihar,Ramnagar,GANGASAGAR,GOVINDPUR,Govindpur,अनिल पाण्डेय,
Maihar,Ramnagar,GANGASAGAR,JOWA,Joba,अनिल पाण्डेय,
Maihar,Ramnagar,GANGASAGAR,KARRA,Karra,अनिल पाण्डेय,
Maihar,Ramnagar,GANGASAGAR,NARAYANPUR,Narayanpur,अनिल पाण्डेय,
Maihar,Ramnagar,GANGASAGAR,NEWDEORAJNAGAR,New Devrajanagar,अनिल पाण्डेय,
Maihar,Ramnagar,GANGASAGAR,PADMI,Padami,अनिल पाण्डेय,
Maihar,Ramnagar,GANGASAGAR,SOHAULA,Suhaula,अनिल पाण्डेय,
Maihar,Ramnagar,GANGASAGAR,SONADI,Sunadi,अनिल पाण्डेय,
Maihar,Ramnagar,GORSARI,BABUPUR,Babupur,श्रीमती साधना सिंह,
Maihar,Ramnagar,GORSARI,CHANDWAR,Chandwar,श्रीमती साधना सिंह,
Maihar,Ramnagar,GORSARI,DEORI,Dewari,श्रीमती साधना सिंह,
Maihar,Ramnagar,GORSARI,DEORI KALAN,Dewari Kala,श्रीमती साधना सिंह,
Maihar,Ramnagar,GORSARI,GAILAHARI,Gailahari,श्रीमती साधना सिंह,
Maihar,Ramnagar,GORSARI,GANJAS,Gajas,श्रीमती साधना सिंह,
Maihar,Ramnagar,GORSARI,GORSARI,Gorsari,श्रीमती साधना सिंह,
Maihar,Ramnagar,GORSARI,HARDUA,Hardua,श्रीमती साधना सिंह,
Maihar,Ramnagar,GORSARI,MASAMASI,Masmasi,श्रीमती साधना सिंह,
Maihar,Ramnagar,GORSARI,MIRGAUTI (NEW),Mirgauti,श्रीमती साधना सिंह,
Maihar,Ramnagar,GORSARI,PURAINA,Puraina,श्रीमती साधना सिंह,
Maihar,Ramnagar,JIGNA,ARGAT,Argat,संजय गुप्ता,
Maihar,Ramnagar,JIGNA,CHHIRAHAI,Chhirhai,संजय गुप्ता,
Maihar,Ramnagar,JIGNA,GULWARGUJARA,Gulwar Gujara,संजय गुप्ता,
Maihar,Ramnagar,JIGNA,HINAUTI,Hinauti,संजय गुप्ता,
Maihar,Ramnagar,JIGNA,JATTHAHATOLA,Jattha Tola,संजय गुप्ता,
Maihar,Ramnagar,JIGNA,JHINNA,Jhinna,संजय गुप्ता,
Maihar,Ramnagar,JIGNA,JIGANA,Jigana,संजय गुप्ता,
Maihar,Ramnagar,JIGNA,JUDMANI,Judwani,संजय गुप्ता,
Maihar,Ramnagar,JIGNA,KHODHRI,Khodari,संजय गुप्ता,
Maihar,Ramnagar,JIGNA,NAUGAON,Nowgaon No. 4,संजय गुप्ता,
Maihar,Ramnagar,JIGNA,SAGAUNIKHURD,Sagauni Khurd,संजय गुप्ता,
Maihar,Ramnagar,MURTIHAI,BELHAI,Belhai,राजा राम चंदेल अति0,
Maihar,Ramnagar,MURTIHAI,BHAMARAHA,Bhamraha,राजा राम चंदेल अति0,
Maihar,Ramnagar,MURTIHAI,BUDHABAUR,Budhaboure,राजा राम चंदेल अति0,
Maihar,Ramnagar,MURTIHAI,DEVDAHA,Dewdaha,राजा राम चंदेल अति0,
Maihar,Ramnagar,MURTIHAI,KAITHAHA,Kaithaha,राजा राम चंदेल अति0,
Maihar,Ramnagar,MURTIHAI,MAJHATOLWA,Majhtolwa,राजा राम चंदेल अति0,
Maihar,Ramnagar,MURTIHAI,MANAKISAR,Mankisar,राजा राम चंदेल अति0,
Maihar,Ramnagar,MURTIHAI,MARYADPUR,Maryadpur,राजा राम चंदेल अति0,
Maihar,Ramnagar,MURTIHAI,MURTIHAI,Murtihai,राजा राम चंदेल अति0,
Maihar,Ramnagar,MURTIHAI,PAIPAKHARA,Paipakhara,राजा राम चंदेल अति0,
Maihar,Ramnagar,MURTIHAI,SARIYA,Sariya,राजा राम चंदेल अति0,
Satna,Majhgawan,BADKHERA,BADKHERA,Badkhera,अखिलेश सोनी,
Satna,Majhgawan,BADKHERA,BAMHAURI,Bamhouri,अखिलेश सोनी,
Satna,Majhgawan,BADKHERA,BANDHI,Bandhi,अखिलेश सोनी,
Satna,Majhgawan,BADKHERA,BERAHANA BANDHI,Bairahana Bandhi,अखिलेश सोनी,
Satna,Majhgawan,BADKHERA,GORASARI,Marawa,अखिलेश सोनी,
Satna,Majhgawan,BADKHERA,HARDUWA,Hardua,अखिलेश सोनी,
Satna,Majhgawan,BADKHERA,JHARI (JAITWARA),Jhari Jaitwara,अखिलेश सोनी,
Satna,Majhgawan,BADKHERA,MACHKHARA,Machkhara,अखिलेश सोनी,
Satna,Majhgawan,BADKHERA,NAYAGAON,Nayagaon,अखिलेश सोनी,
Satna,Majhgawan,BADKHERA,PIPARITOLA,Pipari Tola,अखिलेश सोनी,
Satna,Majhgawan,BADKHERA,SUJAVALKHURRD,Sujawal Khurd,अखिलेश सोनी,
Satna,Majhgawan,BADKHERA,TIGHARA,Tighara,अखिलेश सोनी,
Satna,Majhgawan,BARAUNDHA,BARAUNDHA,Baroundha,आशीष तिवारी,
Satna,Majhgawan,BARAUNDHA,BHIYAMAU,Bhiyamou,आशीष तिवारी,
Satna,Majhgawan,BARAUNDHA,CHUWA,Chuwaon,आशीष तिवारी,
Satna,Majhgawan,BARAUNDHA,GOPALPUR,Gopalpur,आशीष तिवारी,
Satna,Majhgawan,BARAUNDHA,JAWARIN,Jawarin,आशीष तिवारी,
Satna,Majhgawan,BARAUNDHA,KANDAR,Kandar,आशीष तिवारी,
Satna,Majhgawan,BARAUNDHA,KAUNHARI,Kouhari,आशीष तिवारी,
Satna,Majhgawan,BARAUNDHA,KHOHI,Khohie,आशीष तिवारी,
Satna,Majhgawan,BARAUNDHA,NARDAHA,Nardaha,आशीष तिवारी,
Satna,Majhgawan,BARAUNDHA,PATHARKACHHAR,Pathar Kchhar,आशीष तिवारी,
Satna,Majhgawan,BARAUNDHA,RANIPUR,Ranipur,आशीष तिवारी,
Satna,Majhgawan,BARAUNDHA,SHAHPUR,Sahpur,आशीष तिवारी,
Satna,Majhgawan,HIRAUNDI,AMILIYA,Amiliya,सतीस समेले,
Satna,Majhgawan,HIRAUNDI,BHARAGAWA,Bhargawon,सतीस समेले,
Satna,Majhgawan,HIRAUNDI,CHANDAI,Chandai,सतीस समेले,
Satna,Majhgawan,HIRAUNDI,GALBAL,Galwal,सतीस समेले,
Satna,Majhgawan,HIRAUNDI,HIRAUNDI,Hiroundi,सतीस समेले,
Satna,Majhgawan,HIRAUNDI,KAILASHPUR,Kailashpur,सतीस समेले,
Satna,Majhgawan,HIRAUNDI,KHUTAHA,Khutaha,सतीस समेले,
Satna,Majhgawan,HIRAUNDI,KITHA,Kitaha,सतीस समेले,
Satna,Majhgawan,HIRAUNDI,LALPUR (PATIHAR),Lalpur,सतीस समेले,
Satna,Majhgawan,HIRAUNDI,PACHHIT,Pachhit,सतीस समेले,
Satna,Majhgawan,HIRAUNDI,TELNI,Telani,सतीस समेले,
Satna,Majhgawan,HIRAUNDI,TURRA,Turra,सतीस समेले,
Satna,Majhgawan,KARIGOHI,AMIRITI,Amiriti,सत्यनारायण मिश्रा,25-09-2026: Badera Kala सेक्टर निर्देश
Satna,Majhgawan,KARIGOHI,BADERAKALAN,Badera Kala,सत्यनारायण मिश्रा,25-09-2026: Badera Kala सेक्टर निर्देश
Satna,Majhgawan,KARIGOHI,BANKA,Banka,सत्यनारायण मिश्रा,25-09-2026: Badera Kala सेक्टर निर्देश
Satna,Majhgawan,KARIGOHI,BEERRPUR,Beerpur,सत्यनारायण मिश्रा,25-09-2026: Badera Kala सेक्टर निर्देश
Satna,Majhgawan,KARIGOHI,DEVRA,Dewara,सत्यनारायण मिश्रा,25-09-2026: Badera Kala सेक्टर निर्देश
Satna,Majhgawan,KARIGOHI,GUJHAWA,Gujhawa,सत्यनारायण मिश्रा,25-09-2026: Badera Kala सेक्टर निर्देश
Satna,Majhgawan,KARIGOHI,JHAKHAURA,Jhakhoura,सत्यनारायण मिश्रा,25-09-2026: Badera Kala सेक्टर निर्देश
Satna,Majhgawan,KARIGOHI,KARIGOHI,Kariegohi,सत्यनारायण मिश्रा,25-09-2026: Badera Kala सेक्टर निर्देश
Satna,Majhgawan,KARIGOHI,KHODARI,Khodari,सत्यनारायण मिश्रा,25-09-2026: Badera Kala सेक्टर निर्देश
Satna,Majhgawan,KARIGOHI,PAGARKALAN,Pagar Kala,सत्यनारायण मिश्रा,25-09-2026: Badera Kala सेक्टर निर्देश
Satna,Majhgawan,KARIGOHI,PAGARKHURD,Pagarkhurd,सत्यनारायण मिश्रा,25-09-2026: Badera Kala सेक्टर निर्देश
Satna,Majhgawan,KARIGOHI,SELAURA,Seloura,सत्यनारायण मिश्रा,25-09-2026: Badera Kala सेक्टर निर्देश
Satna,Majhgawan,KHADAURRA,BARA,Bara,देवेन्द्र सिंह,
Satna,Majhgawan,KHADAURRA,BERAHANA,Bairahana,देवेन्द्र सिंह,
Satna,Majhgawan,KHADAURRA,DOMHAI,Domahai,देवेन्द्र सिंह,
Satna,Majhgawan,KHADAURRA,GODGAWAN,Godgawa,देवेन्द्र सिंह,
Satna,Majhgawan,KHADAURRA,KALWALIYA,Kalawaliya,देवेन्द्र सिंह,
Satna,Majhgawan,KHADAURRA,KHADAURRA,Khadoura,देवेन्द्र सिंह,
Satna,Majhgawan,KHADAURRA,KHANCH,Khanch,देवेन्द्र सिंह,
Satna,Majhgawan,KHADAURRA,MAJHAGAWAN (JHARI),Majhagawan Ghari,देवेन्द्र सिंह,
Satna,Majhgawan,KHADAURRA,MEHUTI,Mehuti,देवेन्द्र सिंह,
Satna,Majhgawan,KHADAURRA,PACHALIKALAN,Pachali Kala,देवेन्द्र सिंह,
Satna,Majhgawan,KHADAURRA,PATNAKALA,Patna Kalan,देवेन्द्र सिंह,
Satna,Majhgawan,KHADAURRA,RIMARI,Rimari,देवेन्द्र सिंह,
Satna,Majhgawan,MAJHGAWAN,ARJUNPUR,Arjunpur,आशीष तिवारी अति0,
Satna,Majhgawan,MAJHGAWAN,BARAHA,Baraha,आशीष तिवारी अति0,
Satna,Majhgawan,MAJHGAWAN,BHATHWA,Bathawa,आशीष तिवारी अति0,
Satna,Majhgawan,MAJHGAWAN,BRAMHIPUR,Bramhipur,आशीष तिवारी अति0,
Satna,Majhgawan,MAJHGAWAN,CHITAHRA,Chitahara,आशीष तिवारी अति0,
Satna,Majhgawan,MAJHGAWAN,DEVLAHA,Dewlaha,आशीष तिवारी अति0,
Satna,Majhgawan,MAJHGAWAN,KELHAURA,Kelhoura,आशीष तिवारी अति0,
Satna,Majhgawan,MAJHGAWAN,MAHTAIN,Mahtian,आशीष तिवारी अति0,
Satna,Majhgawan,MAJHGAWAN,MAJHGAWAN,Majhgawon,आशीष तिवारी अति0,
Satna,Majhgawan,MAJHGAWAN,PADARI,Padari,आशीष तिवारी अति0,
Satna,Majhgawan,MAJHGAWAN,PATNAKHURD,Patna Khurd,आशीष तिवारी अति0,
Satna,Majhgawan,MAJHGAWAN,PUTARICHUWA,Putari Chhuwon,आशीष तिवारी अति0,
Satna,Majhgawan,PINDRA,JHARI (Nakaila),Jhari Nakaila,रमाकांत त्रिपाठी,
Satna,Majhgawan,PINDRA,KHARAHA,Kharaha,रमाकांत त्रिपाठी,
Satna,Majhgawan,PINDRA,LALPUR (PADARI),Lalpur Padari,रमाकांत त्रिपाठी,
Satna,Majhgawan,PINDRA,MALGAUSA,Malgousa,रमाकांत त्रिपाठी,
Satna,Majhgawan,PINDRA,NAKAILA,Nakaila,रमाकांत त्रिपाठी,
Satna,Majhgawan,PINDRA,PALDEV,Paldew,रमाकांत त्रिपाठी,
Satna,Majhgawan,PINDRA,PINDRA,Pindara,रमाकांत त्रिपाठी,
Satna,Majhgawan,PINDRA,Padmaniya,Padwaniya Jageer,रमाकांत त्रिपाठी,
Satna,Majhgawan,PINDRA,SADA,Sada,रमाकांत त्रिपाठी,
Satna,Majhgawan,PINDRA,SEJWAR,Sejwar,रमाकांत त्रिपाठी,
Satna,Majhgawan,PINDRA,SINGHPUR,Singhpur,रमाकांत त्रिपाठी,
Satna,Majhgawan,PINDRA,TERHIPATAMANIYA,Tendhee Patmaniya,रमाकांत त्रिपाठी,
Satna,Majhgawan,PRATAPPUR,BADAKAN,Badkan,अखिलेश सोनी,25-09-2026: Pratap Pur पुष्टि
Satna,Majhgawan,PRATAPPUR,BARAUN,Barou,अखिलेश सोनी,25-09-2026: Pratap Pur पुष्टि
Satna,Majhgawan,PRATAPPUR,BITMA,Vitama,अखिलेश सोनी,25-09-2026: Pratap Pur पुष्टि
Satna,Majhgawan,PRATAPPUR,HALAWAN,Halawon,अखिलेश सोनी,25-09-2026: Pratap Pur पुष्टि
Satna,Majhgawan,PRATAPPUR,HARDI,Hardi,अखिलेश सोनी,25-09-2026: Pratap Pur पुष्टि
Satna,Majhgawan,PRATAPPUR,HARIHARPUR,Hariharpur,अखिलेश सोनी,25-09-2026: Pratap Pur पुष्टि
Satna,Majhgawan,PRATAPPUR,JAMUWANI,Jamuyani,अखिलेश सोनी,25-09-2026: Pratap Pur पुष्टि
Satna,Majhgawan,PRATAPPUR,JHONTA,Jhonta,अखिलेश सोनी,25-09-2026: Pratap Pur पुष्टि
Satna,Majhgawan,PRATAPPUR,KARAUNDIKALA,Karoundi Kala,अखिलेश सोनी,25-09-2026: Pratap Pur पुष्टि
Satna,Majhgawan,PRATAPPUR,PADUHAR,Paduhar,अखिलेश सोनी,25-09-2026: Pratap Pur पुष्टि
Satna,Majhgawan,PRATAPPUR,PRATAPPUR,Pratap Pur,अखिलेश सोनी,25-09-2026: Pratap Pur पुष्टि
Satna,Majhgawan,PRATAPPUR,SHUKWAH,Sukwah,अखिलेश सोनी,25-09-2026: Pratap Pur पुष्टि
Satna,Nagod,BARAPATTHAR,BARAPATTHAR,Barapathar,हेमंत तिवारी,
Satna,Nagod,BARAPATTHAR,GANGWARIYA,Gangwariya,हेमंत तिवारी,
Satna,Nagod,BARAPATTHAR,HADAHA,Hadha,हेमंत तिवारी,
Satna,Nagod,BARAPATTHAR,HARDUWAKALAN,Harduwa Kala,हेमंत तिवारी,
Satna,Nagod,BARAPATTHAR,ITAURAKALAN,Itoura Kala,हेमंत तिवारी,
Satna,Nagod,BARAPATTHAR,ITMAUBARI,Itama Uwari,हेमंत तिवारी,
Satna,Nagod,BARAPATTHAR,KHAKHRAUDHA,Khakhroundha,हेमंत तिवारी,
Satna,Nagod,BARAPATTHAR,KHAMREHI,Khamrehi,हेमंत तिवारी,
Satna,Nagod,BARAPATTHAR,NAUNIYA,Nauniya,हेमंत तिवारी,
Satna,Nagod,BARAPATTHAR,PAWAIYA,Pawaiya,हेमंत तिवारी,
Satna,Nagod,BARAPATTHAR,SEMARWARA,Semarwara,हेमंत तिवारी,
Satna,Nagod,BARAPATTHAR,UJNEHI,Ujnehi,हेमंत तिवारी,
Satna,Nagod,DUREHA,AMKUI,Amkuie,संकल्प राणा,
Satna,Nagod,DUREHA,DATUNHA,Datunaha,संकल्प राणा,
Satna,Nagod,DUREHA,DUDAHA,Dudaha,संकल्प राणा,
Satna,Nagod,DUREHA,DUREHA,Dureha,संकल्प राणा,
Satna,Nagod,DUREHA,KALAWAL,Kalawal,संकल्प राणा,
Satna,Nagod,DUREHA,KAPURI,Kapuri,संकल्प राणा,
Satna,Nagod,DUREHA,PANSI,Pasie,संकल्प राणा,
Satna,Nagod,DUREHA,RICHHUL,Richhul,संकल्प राणा,
Satna,Nagod,DUREHA,RUNEHI,Runehi,संकल्प राणा,
Satna,Nagod,DUREHA,SIJAHTI,Sijahati,संकल्प राणा,
Satna,Nagod,DUREHA,UMARIHA,Umriha,संकल्प राणा,
Satna,Nagod,JASO,ATARAURA,Atroura,रितेश राजपूत,
Satna,Nagod,JASO,BAMURAHIYA,Bamurahiya,रितेश राजपूत,
Satna,Nagod,JASO,JASO,Jaso,रितेश राजपूत,
Satna,Nagod,JASO,JHINGODAR,Ghingodar,रितेश राजपूत,
Satna,Nagod,JASO,KOTA NO.2,Kota N-2,रितेश राजपूत,
Satna,Nagod,JASO,MADA TOLA,Mada Tola,रितेश राजपूत,
Satna,Nagod,JASO,MARHI KALA,Madhie Kala,रितेश राजपूत,
Satna,Nagod,JASO,PIPARI,Pipari,रितेश राजपूत,
Satna,Nagod,JASO,RAMPURA,Rampura,रितेश राजपूत,
Satna,Nagod,JASO,SEMRI,Semari,रितेश राजपूत,
Satna,Nagod,JASO,SHAHPUR,Sahapura,रितेश राजपूत,
Satna,Nagod,JASO,UMARI,Umari Brij,रितेश राजपूत,
Satna,Nagod,KATKONKALA,AKOUNASATHIYA,Akouna Sathiya,कौशल पटेल अति0,
Satna,Nagod,KATKONKALA,AMILIYA,Amiliya,कौशल पटेल अति0,
Satna,Nagod,KATKONKALA,DHAURHARA,Dhourahara,कौशल पटेल अति0,
Satna,Nagod,KATKONKALA,GINJARA,Ginjara,कौशल पटेल अति0,
Satna,Nagod,KATKONKALA,KACHANAR,Kachanar,कौशल पटेल अति0,
Satna,Nagod,KATKONKALA,KACHLOHA,Kachloha,कौशल पटेल अति0,
Satna,Nagod,KATKONKALA,KATKONKALA,Katkonkala,कौशल पटेल अति0,
Satna,Nagod,KATKONKALA,KHAIRA,Khaira,कौशल पटेल अति0,
Satna,Nagod,KATKONKALA,MAJHGAWAN KHAIRUWA,Maghgawon,कौशल पटेल अति0,
Satna,Nagod,KATKONKALA,PATWARA,Patawara,कौशल पटेल अति0,
Satna,Nagod,KATKONKALA,RERUAKHURD,Reura Khurd,कौशल पटेल अति0,
Satna,Nagod,KATKONKALA,RERUWAKALAN,Reura Kala,कौशल पटेल अति0,
Satna,Nagod,SHIVRAJPUR,AMA,Aama,राजीवलोचन त्रिपाठी,
Satna,Nagod,SHIVRAJPUR,BABOOPUR,Babupur,राजीवलोचन त्रिपाठी,
Satna,Nagod,SHIVRAJPUR,BANDI,Bandi,राजीवलोचन त्रिपाठी,
Satna,Nagod,SHIVRAJPUR,BHAJIKHERA,Bhajikhera,राजीवलोचन त्रिपाठी,
Satna,Nagod,SHIVRAJPUR,BILOUNDHA,Beloundha,राजीवलोचन त्रिपाठी,
Satna,Nagod,SHIVRAJPUR,DEORI,Dewari,राजीवलोचन त्रिपाठी,
Satna,Nagod,SHIVRAJPUR,DURGAPUR,Durgapur,राजीवलोचन त्रिपाठी,
Satna,Nagod,SHIVRAJPUR,DWARI KHURD,Dwari Khurd,राजीवलोचन त्रिपाठी,
Satna,Nagod,SHIVRAJPUR,KALPA,Kalpa,राजीवलोचन त्रिपाठी,
Satna,Nagod,SHIVRAJPUR,MADAI,Madai,राजीवलोचन त्रिपाठी,
Satna,Nagod,SHIVRAJPUR,SHIVRAJPUR,Shivrajpur,राजीवलोचन त्रिपाठी,
Satna,Nagod,SHIVRAJPUR,TIDUNI MOTWA,Tiduni Motwa,राजीवलोचन त्रिपाठी,
Satna,Nagod,SINGHPUR,BELA,Bela,कौशल पटेल,
Satna,Nagod,SINGHPUR,BELGAHANA,Belgahana,कौशल पटेल,
Satna,Nagod,SINGHPUR,BHAIHAI,Bhaihai,कौशल पटेल,
Satna,Nagod,SINGHPUR,KHAMHARIYA KHURD,Khamhariya Khurd,कौशल पटेल,
Satna,Nagod,SINGHPUR,KOTA NO.1,Kota No.1,कौशल पटेल,
Satna,Nagod,SINGHPUR,MAHTAIN,Mahtain,कौशल पटेल,
Satna,Nagod,SINGHPUR,MAJHIYARI,Majhiyari,कौशल पटेल,
Satna,Nagod,SINGHPUR,NONGARA,Nonagara,कौशल पटेल,
Satna,Nagod,SINGHPUR,PANGARA,Panagara,कौशल पटेल,
Satna,Nagod,SINGHPUR,RAUND (OF NAGOD),Raund,कौशल पटेल,
Satna,Nagod,SINGHPUR,SINGHPUR (OF NAGOD),Singhpur,कौशल पटेल,
Satna,Nagod,SINGHPUR,USARAR (OF NAGOD),Usarar,कौशल पटेल,
Satna,Nagod,SITPURA,BACHBAI,Bachwai,निशा तिवारी,
Satna,Nagod,SITPURA,BASUDHA,Basudha,निशा तिवारी,
Satna,Nagod,SITPURA,CHHINDA,Chhinda,निशा तिवारी,
Satna,Nagod,SITPURA,DAMHA,Damha,निशा तिवारी,
Satna,Nagod,SITPURA,HILOUNDHA,Hiloundha,निशा तिवारी,
Satna,Nagod,SITPURA,ITMA,Itama,निशा तिवारी,
Satna,Nagod,SITPURA,LALPUR,Lalpur,निशा तिवारी,
Satna,Nagod,SITPURA,MAUHARI,Mauhari,निशा तिवारी,
Satna,Nagod,SITPURA,NAUWASTA,Nawasta,निशा तिवारी,
Satna,Nagod,SITPURA,RAJARWARA,Rajarwara,निशा तिवारी,
Satna,Nagod,SITPURA,SITPURA,Sitpura,निशा तिवारी,
Satna,Nagod,SITPURA,UMARAHAT,Umrahat,निशा तिवारी,
Satna,Nagod,SURDAHA KALA,CHANDKUIYA,Chandkuiya,प्रमोद तिवारी,
Satna,Nagod,SURDAHA KALA,CHUNAHA,Chunaha,प्रमोद तिवारी,
Satna,Nagod,SURDAHA KALA,JADAVPUR,Jadavpur,प्रमोद तिवारी,
Satna,Nagod,SURDAHA KALA,KODAR,Kodar,प्रमोद तिवारी,
Satna,Nagod,SURDAHA KALA,KONI,Koni,प्रमोद तिवारी,
Satna,Nagod,SURDAHA KALA,MAJHGAWN KHURD,Maghgawon Khurd,प्रमोद तिवारी,
Satna,Nagod,SURDAHA KALA,MUGAHAR,Mugahar,प्रमोद तिवारी,
Satna,Nagod,SURDAHA KALA,RAHIKWARA,Rahikawara,प्रमोद तिवारी,
Satna,Nagod,SURDAHA KALA,SURDAHA KALA,Surdaha Kalan,प्रमोद तिवारी,
Satna,Nagod,SURDAHA KALA,SURDAHA KHURD,Surdaha Khurd,प्रमोद तिवारी,
Satna,Nagod,SURDAHA KALA,URDAN (OF NAGOD),Urdan,प्रमोद तिवारी,
Satna,Rampur Baghelan,ABER,ABER,Aber,मोतीलाल लढ़िया,
Satna,Rampur Baghelan,ABER,AKOUNA,Akouna,मोतीलाल लढ़िया,
Satna,Rampur Baghelan,ABER,ANDHARWAR,Adharwar,मोतीलाल लढ़िया,
Satna,Rampur Baghelan,ABER,BIHARA N.1,Bihara No-1,मोतीलाल लढ़िया,
Satna,Rampur Baghelan,ABER,CHITGADH,Chitgarh,मोतीलाल लढ़िया,
Satna,Rampur Baghelan,ABER,CHUNDKHURD,Chood Khurd,मोतीलाल लढ़िया,
Satna,Rampur Baghelan,ABER,DEORA,Dewara N- 1,मोतीलाल लढ़िया,
Satna,Rampur Baghelan,ABER,GHORKAT,Ghorkat,मोतीलाल लढ़िया,
Satna,Rampur Baghelan,ABER,KARHIKALA,Karahi Kala,मोतीलाल लढ़िया,
Satna,Rampur Baghelan,ABER,LAKHANWAH,Lakhanwah,मोतीलाल लढ़िया,
Satna,Rampur Baghelan,ABER,MOHNIYA,Mohaniya,मोतीलाल लढ़िया,
Satna,Rampur Baghelan,ABER,PATNAKHURD,Patna Khurd,मोतीलाल लढ़िया,
Satna,Rampur Baghelan,ABER,TIHAI,Tihai,मोतीलाल लढ़िया,
Satna,Rampur Baghelan,BELA,BAKIYA BAILO,Bakiya Bailo,श्रीमती अन्नपूर्णा सिंह,25-09-2026: Bela सेक्टर निर्देश
Satna,Rampur Baghelan,BELA,BAKIYA TIWARIYAN,Bakiya Tiwa,श्रीमती अन्नपूर्णा सिंह,25-09-2026: Bela सेक्टर निर्देश
Satna,Rampur Baghelan,BELA,BARTI,Bartie,श्रीमती अन्नपूर्णा सिंह,25-09-2026: Bela सेक्टर निर्देश
Satna,Rampur Baghelan,BELA,BELA,Bela,श्रीमती अन्नपूर्णा सिंह,25-09-2026: Bela सेक्टर निर्देश
Satna,Rampur Baghelan,BELA,CHHIBAURA,Chhibaura,श्रीमती अन्नपूर्णा सिंह,25-09-2026: Bela सेक्टर निर्देश
Satna,Rampur Baghelan,BELA,GAJAN,Gajan,श्रीमती अन्नपूर्णा सिंह,25-09-2026: Bela सेक्टर निर्देश
Satna,Rampur Baghelan,BELA,KANDWA,Kandawa,श्रीमती अन्नपूर्णा सिंह,25-09-2026: Bela सेक्टर निर्देश
Satna,Rampur Baghelan,BELA,MADHI,Madhie,श्रीमती अन्नपूर्णा सिंह,25-09-2026: Bela सेक्टर निर्देश
Satna,Rampur Baghelan,BELA,MAHIDALKALAN,Mahidal Kala,श्रीमती अन्नपूर्णा सिंह,25-09-2026: Bela सेक्टर निर्देश
Satna,Rampur Baghelan,BELA,MAJHIYAR,Majhiyar,श्रीमती अन्नपूर्णा सिंह,25-09-2026: Bela सेक्टर निर्देश
Satna,Rampur Baghelan,BELA,RAGHUNATHPUR,Raghunathpur,श्रीमती अन्नपूर्णा सिंह,25-09-2026: Bela सेक्टर निर्देश
Satna,Rampur Baghelan,BELA,RAMNAGAR,Ramanagar,श्रीमती अन्नपूर्णा सिंह,25-09-2026: Bela सेक्टर निर्देश
Satna,Rampur Baghelan,BIHRA NO. 2,BIHRA NO. 2,Bihara N-2,मनोज खम्परिया अति0,
Satna,Rampur Baghelan,BIHRA NO. 2,CHAKERA,Chakera,मनोज खम्परिया अति0,
Satna,Rampur Baghelan,BIHRA NO. 2,CHORAHTA,Chorahata,मनोज खम्परिया अति0,
Satna,Rampur Baghelan,BIHRA NO. 2,DUDAHA,Dudaha,मनोज खम्परिया अति0,
Satna,Rampur Baghelan,BIHRA NO. 2,GAUHARI,Gauhari,मनोज खम्परिया अति0,
Satna,Rampur Baghelan,BIHRA NO. 2,ITAMANADITEER,Itama Naditeer,मनोज खम्परिया अति0,
Satna,Rampur Baghelan,BIHRA NO. 2,KARPWAH,Karpwah Kothar,मनोज खम्परिया अति0,
Satna,Rampur Baghelan,BIHRA NO. 2,KHARWAHI,Kharwahi,मनोज खम्परिया अति0,
Satna,Rampur Baghelan,BIHRA NO. 2,KHERIYA,Kheriya Kothar,मनोज खम्परिया अति0,
Satna,Rampur Baghelan,BIHRA NO. 2,LAKHAHA,Lakhaha,मनोज खम्परिया अति0,
Satna,Rampur Baghelan,BIHRA NO. 2,NEMUWA,Nemuwa,मनोज खम्परिया अति0,
Satna,Rampur Baghelan,BIHRA NO. 2,SONOURA,Sonaura,मनोज खम्परिया अति0,
Satna,Rampur Baghelan,CHORMARI,BAGAHAI,Bagahai,भूपेन्द्र सिंह संविदा,
Satna,Rampur Baghelan,CHORMARI,BAIRIHA,Bairiha,भूपेन्द्र सिंह संविदा,
Satna,Rampur Baghelan,CHORMARI,CHORMARI,Chormary,भूपेन्द्र सिंह संविदा,
Satna,Rampur Baghelan,CHORMARI,DENGARHAT,Degrahat,भूपेन्द्र सिंह संविदा,
Satna,Rampur Baghelan,CHORMARI,DEOMAUDALDAL,Dew Mou Dal Dal,भूपेन्द्र सिंह संविदा,
Satna,Rampur Baghelan,CHORMARI,DEORA NO-2,Deura N-2,भूपेन्द्र सिंह संविदा,
Satna,Rampur Baghelan,CHORMARI,JAMUNA,Jamuna,भूपेन्द्र सिंह संविदा,
Satna,Rampur Baghelan,CHORMARI,JANARDANPUR,Janardanpur,भूपेन्द्र सिंह संविदा,
Satna,Rampur Baghelan,CHORMARI,JHAND,Jhand,भूपेन्द्र सिंह संविदा,
Satna,Rampur Baghelan,CHORMARI,KOOND,Koond,भूपेन्द्र सिंह संविदा,
Satna,Rampur Baghelan,CHORMARI,SAGAUNI,Sagouni,भूपेन्द्र सिंह संविदा,
Satna,Rampur Baghelan,CHORMARI,TURKI,Tourki,भूपेन्द्र सिंह संविदा,
Satna,Rampur Baghelan,GORAIYA,BARDADIH,Barda Deeh,रमेश सिंह,
Satna,Rampur Baghelan,GORAIYA,GAJGAWAN,Gajigawa,रमेश सिंह,
Satna,Rampur Baghelan,GORAIYA,GARHWAKHURD,Gadhawa Khurd,रमेश सिंह,
Satna,Rampur Baghelan,GORAIYA,GHUGHCHIHAI,Ghunghuchihaie,रमेश सिंह,
Satna,Rampur Baghelan,GORAIYA,GOLHATA,Golahata,रमेश सिंह,
Satna,Rampur Baghelan,GORAIYA,GORAIYA,Goriya,रमेश सिंह,
Satna,Rampur Baghelan,GORAIYA,ITAUR,Itoure,रमेश सिंह,
Satna,Rampur Baghelan,GORAIYA,KHAMA,Khamha,रमेश सिंह,
Satna,Rampur Baghelan,GORAIYA,KHAMHARIYA,Khamhariya,रमेश सिंह,
Satna,Rampur Baghelan,GORAIYA,LAULACHH,Loulach,रमेश सिंह,
Satna,Rampur Baghelan,GORAIYA,MALGAON,Malgawon,रमेश सिंह,
Satna,Rampur Baghelan,GORAIYA,RAJARWAR,Rajarwar,रमेश सिंह,
Satna,Rampur Baghelan,GORAIYA,THATHAURA,Thathoura,रमेश सिंह,
Satna,Rampur Baghelan,KRISHNAGARH,ASARAR,Asrar,मनोज खम्परिया,
Satna,Rampur Baghelan,KRISHNAGARH,BANDHA,Bandha,मनोज खम्परिया,
Satna,Rampur Baghelan,KRISHNAGARH,BEEDA,Beeda,मनोज खम्परिया,
Satna,Rampur Baghelan,KRISHNAGARH,ITAMA,Itama,मनोज खम्परिया,
Satna,Rampur Baghelan,KRISHNAGARH,KHATKHARI,Khatkhari,मनोज खम्परिया,
Satna,Rampur Baghelan,KRISHNAGARH,KHOKHAM,Khokham,मनोज खम्परिया,
Satna,Rampur Baghelan,KRISHNAGARH,KHUKHADA KOTHAR,Khukhuda Kothar,मनोज खम्परिया,
Satna,Rampur Baghelan,KRISHNAGARH,KONIYAKOTHAR,Koniya Kothar,मनोज खम्परिया,
Satna,Rampur Baghelan,KRISHNAGARH,KRISHNAGARH,Krishngarh,मनोज खम्परिया,
Satna,Rampur Baghelan,KRISHNAGARH,PADKHURI,Padkhuri,मनोज खम्परिया,
Satna,Rampur Baghelan,KRISHNAGARH,SELHANA,Selhana,मनोज खम्परिया,
Satna,Rampur Baghelan,KRISHNAGARH,SHIVPURWA,Shivapurva,मनोज खम्परिया,
Satna,Rampur Baghelan,MAHURACHHKADAILA,ATARHARA,Atrahara,अजय खरे,
Satna,Rampur Baghelan,MAHURACHHKADAILA,BADHAURA,Badhoura,अजय खरे,
Satna,Rampur Baghelan,MAHURACHHKADAILA,BATHYA,Bathiya,अजय खरे,
Satna,Rampur Baghelan,MAHURACHHKADAILA,HINAUTI,Hinauti,अजय खरे,
Satna,Rampur Baghelan,MAHURACHHKADAILA,KARMAU,Karmoua,अजय खरे,
Satna,Rampur Baghelan,MAHURACHHKADAILA,KHARI,Kharie,अजय खरे,
Satna,Rampur Baghelan,MAHURACHHKADAILA,MAHURACHHKADAILA,Mahurach Kandila,अजय खरे,
Satna,Rampur Baghelan,MAHURACHHKADAILA,MANKAHARI,Manakahari,अजय खरे,
Satna,Rampur Baghelan,MAHURACHHKADAILA,NARSINGHPUR,Narsinghpur,अजय खरे,
Satna,Rampur Baghelan,MAHURACHHKADAILA,SIJAHATA,Sijahata,अजय खरे,
Satna,Rampur Baghelan,MAHURACHHKADAILA,TAPA,Tapa,अजय खरे,
Satna,Rampur Baghelan,SAJJANPUR,BEERNAI,Beernai,प्रमोद शुक्ला,
Satna,Rampur Baghelan,SAJJANPUR,CHAKDAHI,Chakdahi,प्रमोद शुक्ला,
Satna,Rampur Baghelan,SAJJANPUR,GADA,Gada,प्रमोद शुक्ला,
Satna,Rampur Baghelan,SAJJANPUR,GUDUHURU,Guduhuru,प्रमोद शुक्ला,
Satna,Rampur Baghelan,SAJJANPUR,KHAGAURA,Khagaura,प्रमोद शुक्ला,
Satna,Rampur Baghelan,SAJJANPUR,MARAUHA,Marahua,प्रमोद शुक्ला,
Satna,Rampur Baghelan,SAJJANPUR,MATAHA,Mataha,प्रमोद शुक्ला,
Satna,Rampur Baghelan,SAJJANPUR,RICHHAHARI,Richahari,प्रमोद शुक्ला,
Satna,Rampur Baghelan,SAJJANPUR,SAJJANPUR,Sajjanpur,प्रमोद शुक्ला,
Satna,Rampur Baghelan,SAJJANPUR,SARAYA,Saraya,प्रमोद शुक्ला,
Satna,Rampur Baghelan,SAJJANPUR,SATRI,Satari,प्रमोद शुक्ला,
Satna,Rampur Baghelan,SAJJANPUR,SIDHAULI,Sidhauli,प्रमोद शुक्ला,
Satna,Sohawal,BARAHANA,BARAHANA,Barhana,धर्मेन्द्र कोरी,
Satna,Sohawal,BARAHANA,DIDAUNDH,Didaundh,धर्मेन्द्र कोरी,
Satna,Sohawal,BARAHANA,GORAIYA,Goraiya,धर्मेन्द्र कोरी,
Satna,Sohawal,BARAHANA,JHALI,Jhalli,धर्मेन्द्र कोरी,
Satna,Sohawal,BARAHANA,MAUHAR,Mauhar,धर्मेन्द्र कोरी,
Satna,Sohawal,BARAHANA,NAINA (NEAR KOTHI),Naina(Kothi),धर्मेन्द्र कोरी,
Satna,Sohawal,BARAHANA,RAIPUR,Raipur,धर्मेन्द्र कोरी,
Satna,Sohawal,BARAHANA,RANEHI,Ranehi,धर्मेन्द्र कोरी,
Satna,Sohawal,BARAHANA,SEMRIKALA,Semarikala,धर्मेन्द्र कोरी,
Satna,Sohawal,BARAHANA,UDAYSAGAR,Udaysagar,धर्मेन्द्र कोरी,
Satna,Sohawal,BARAHANA,UJARAUNDHA,Ujaraundha,धर्मेन्द्र कोरी,
Satna,Sohawal,BARAKALA,AHIRGAON,Ahirgaon,महेन्‍द्र पारधी,
Satna,Sohawal,BARAKALA,BARAKALA,Barakala,महेन्‍द्र पारधी,
Satna,Sohawal,BARAKALA,BHUMKAHAR,Bhumkahar,महेन्‍द्र पारधी,
Satna,Sohawal,BARAKALA,GULUWA,Guluwa,महेन्‍द्र पारधी,
Satna,Sohawal,BARAKALA,KUDIYA,Kudiya,महेन्‍द्र पारधी,
Satna,Sohawal,BARAKALA,MADNI,Madni,महेन्‍द्र पारधी,
Satna,Sohawal,BARAKALA,MAJHAGAWANBHATTHA,Majhgawan,महेन्‍द्र पारधी,
Satna,Sohawal,BARAKALA,MANAKAHARI,Mankahari,महेन्‍द्र पारधी,
Satna,Sohawal,BARAKALA,NAKATI,Naktie,महेन्‍द्र पारधी,
Satna,Sohawal,BARAKALA,PAWAIYA,Pawaiya,महेन्‍द्र पारधी,
Satna,Sohawal,BARAKALA,PONDI,Podi,महेन्‍द्र पारधी,
Satna,Sohawal,BARAKALA,RAMPUR CHAURASI,Rampur Chaurasi,महेन्‍द्र पारधी,
Satna,Sohawal,BHAINSWAR,BAMHRAULA,Bamharaula,संजय पाण्डेय,
Satna,Sohawal,BHAINSWAR,BHAINSWAR,Bhaiswar,संजय पाण्डेय,
Satna,Sohawal,BHAINSWAR,DANDITOLA,Dandi Tola,संजय पाण्डेय,
Satna,Sohawal,BHAINSWAR,HATI,Hati,संजय पाण्डेय,
Satna,Sohawal,BHAINSWAR,HATIA,Hatiya,संजय पाण्डेय,
Satna,Sohawal,BHAINSWAR,KANCHANPUR,Kanchanpur,संजय पाण्डेय,
Satna,Sohawal,BHAINSWAR,KUSIYARA,Kusiyara,संजय पाण्डेय,
Satna,Sohawal,BHAINSWAR,MEDNIPUR,Medanipur,संजय पाण्डेय,
Satna,Sohawal,BHAINSWAR,NACHANAURA,Nachnaura,संजय पाण्डेय,
Satna,Sohawal,BHAINSWAR,NADNA,Nadna,संजय पाण्डेय,
Satna,Sohawal,BHAINSWAR,NAYAGOAN,Nayagaon,संजय पाण्डेय,
Satna,Sohawal,BHAINSWAR,PURAWA,Purawa,संजय पाण्डेय,
Satna,Sohawal,BHARJUNAKHUAD,BARIKHURD,Barikhurd,व्‍ही0के0मिश्रा,
Satna,Sohawal,BHARJUNAKHUAD,BHARJUNAKALAN,Bharjuna Kala,व्‍ही0के0मिश्रा,
Satna,Sohawal,BHARJUNAKHUAD,BHARJUNAKHUAD,Bharjuna Khurda,व्‍ही0के0मिश्रा,
Satna,Sohawal,BHARJUNAKHUAD,DAGDIHA,Dagdeeha,व्‍ही0के0मिश्रा,
Satna,Sohawal,BHARJUNAKHUAD,KHAMHARIA,Khamariya,व्‍ही0के0मिश्रा,
Satna,Sohawal,BHARJUNAKHUAD,KOTHRA,Kothra,व्‍ही0के0मिश्रा,
Satna,Sohawal,BHARJUNAKHUAD,LALPUR,Lalpur,व्‍ही0के0मिश्रा,
Satna,Sohawal,BHARJUNAKHUAD,NAINA (NEAR SAGMANIHA),Naina Sagma,व्‍ही0के0मिश्रा,
Satna,Sohawal,BHARJUNAKHUAD,PASI,Pasi,व्‍ही0के0मिश्रा,
Satna,Sohawal,BHARJUNAKHUAD,POINDHAKALA,Poindha Kala,व्‍ही0के0मिश्रा,
Satna,Sohawal,BHARJUNAKHUAD,SAGMA,Sagma,व्‍ही0के0मिश्रा,
Satna,Sohawal,BHARJUNAKHUAD,SOHAS,Sohas,व्‍ही0के0मिश्रा,
Satna,Sohawal,PHUTAUNDHA,BIRAHULI,Birahuli,आशुतोष वर्मा,
Satna,Sohawal,PHUTAUNDHA,JAMODI,Jamori,आशुतोष वर्मा,
Satna,Sohawal,PHUTAUNDHA,KHAMHARIYA TIWARIYAN,Khamriya,आशुतोष वर्मा,
Satna,Sohawal,PHUTAUNDHA,MAND,Mand,आशुतोष वर्मा,
Satna,Sohawal,PHUTAUNDHA,MATEHNA,Matahena,आशुतोष वर्मा,
Satna,Sohawal,PHUTAUNDHA,NEMEBRAT,Niemi,आशुतोष वर्मा,
Satna,Sohawal,PHUTAUNDHA,PATAUDA,Pataura,आशुतोष वर्मा,
Satna,Sohawal,PHUTAUNDHA,PHUTAUNDHA,Futoundha,आशुतोष वर्मा,
Satna,Sohawal,PHUTAUNDHA,PHUTAUNDHI,Phutaundhi,आशुतोष वर्मा,
Satna,Sohawal,PHUTAUNDHA,RAGAULE,Rangauli,आशुतोष वर्मा,
Satna,Sohawal,PHUTAUNDHA,RAMASTHAN,Ramasthan,आशुतोष वर्मा,
Satna,Sohawal,PHUTAUNDHA,SAKARIYA,Sakariya,आशुतोष वर्मा,
Satna,Sohawal,RAIGAON,BACHAWAI,Bachwai,शिवलाल भारती,
Satna,Sohawal,RAIGAON,DELAURA,Delora,शिवलाल भारती,
Satna,Sohawal,RAIGAON,DELAURI,Dilouri,शिवलाल भारती,
Satna,Sohawal,RAIGAON,DHAURAHARA,Dhaurahra,शिवलाल भारती,
Satna,Sohawal,RAIGAON,ITMA,Itama,शिवलाल भारती,
Satna,Sohawal,RAIGAON,KALHARI,Kalhari,शिवलाल भारती,
Satna,Sohawal,RAIGAON,MASANAHA,Masanha,शिवलाल भारती,
Satna,Sohawal,RAIGAON,MUDAHA,Murahakala,शिवलाल भारती,
Satna,Sohawal,RAIGAON,NARAYANPUR,Narayanpur,शिवलाल भारती,
Satna,Sohawal,RAIGAON,RAIGAON,Raigaon,शिवलाल भारती,
Satna,Sohawal,RAIGAON,SHIVPUR,Shivpur,शिवलाल भारती,
Satna,Sohawal,SEMARIA,BANDHI,Bandhi,कुलदीप पयासी,
Satna,Sohawal,SEMARIA,BHANWAR,Bhawar,कुलदीप पयासी,
Satna,Sohawal,SEMARIA,CHORBARI,Chorwari,कुलदीप पयासी,
Satna,Sohawal,SEMARIA,HADKHAR,Hadhkhar,कुलदीप पयासी,
Satna,Sohawal,SEMARIA,KARASRA,Karsara,कुलदीप पयासी,
Satna,Sohawal,SEMARIA,KHADAURA,Khadaura,कुलदीप पयासी,
Satna,Sohawal,SEMARIA,KHANGARH,Khangarh,कुलदीप पयासी,
Satna,Sohawal,SEMARIA,PADRAUT,Padraut,कुलदीप पयासी,
Satna,Sohawal,SEMARIA,PAIKORI,Pakori,कुलदीप पयासी,
Satna,Sohawal,SEMARIA,SEMARIA,Semariya,कुलदीप पयासी,
Satna,Sohawal,SEMARIA,TIKAR,Teekar,कुलदीप पयासी,
Satna,Sohawal,SOHAWAL,BABUPUR,Babupur,व्हीके मिश्रा अति0,
Satna,Sohawal,SOHAWAL,BARIKALA,Bari Kala,व्हीके मिश्रा अति0,
Satna,Sohawal,SOHAWAL,BATHIYAKALAN,Bathiya Kalan,व्हीके मिश्रा अति0,
Satna,Sohawal,SOHAWAL,BELA,Bela,व्हीके मिश्रा अति0,
Satna,Sohawal,SOHAWAL,BELAHATA,Belahata,व्हीके मिश्रा अति0,
Satna,Sohawal,SOHAWAL,KAIMAUNMULAN,Kaima Unmulan,व्हीके मिश्रा अति0,
Satna,Sohawal,SOHAWAL,KARAHI KOTHAR,Karhi Kothar,व्हीके मिश्रा अति0,
Satna,Sohawal,SOHAWAL,KUNWA,Kuan,व्हीके मिश्रा अति0,
Satna,Sohawal,SOHAWAL,MADHVGARH,Madhavgarh,व्हीके मिश्रा अति0,
Satna,Sohawal,SOHAWAL,SIJAHATA,Sejahata,व्हीके मिश्रा अति0,
Satna,Sohawal,SOHAWAL,SOHAULA,Sohaula,व्हीके मिश्रा अति0,
Satna,Sohawal,SOHAWAL,SOHAWAL,Sohawal,व्हीके मिश्रा अति0,
Satna,Unchahara,BIHATA,AKAHA,Akaha,राज कुमार पाण्डेय अति 0,
Satna,Unchahara,BIHATA,BADARAHA,Badaraha,राज कुमार पाण्डेय अति 0,
Satna,Unchahara,BIHATA,BHARAHATA,Bharhata,राज कुमार पाण्डेय अति 0,
Satna,Unchahara,BIHATA,BHARAHUT,Bharhut,राज कुमार पाण्डेय अति 0,
Satna,Unchahara,BIHATA,BIHATA,Bihata,राज कुमार पाण्डेय अति 0,
Satna,Unchahara,BIHATA,DEVAAR,Dewar,राज कुमार पाण्डेय अति 0,
Satna,Unchahara,BIHATA,GADAULEE,Garauli,राज कुमार पाण्डेय अति 0,
Satna,Unchahara,BIHATA,KHOOJHA,Khungha,राज कुमार पाण्डेय अति 0,
Satna,Unchahara,BIHATA,LAGARAGAVA,Lalgargawon,राज कुमार पाण्डेय अति 0,
Satna,Unchahara,BIHATA,MATAREEPATAURA,Matari Pataura,राज कुमार पाण्डेय अति 0,
Satna,Unchahara,BIHATA,PODEEGARADA,Podie Garada,राज कुमार पाण्डेय अति 0,
Satna,Unchahara,BIHATA,URADANA,Urdana,राज कुमार पाण्डेय अति 0,
Satna,Unchahara,ICHAUL,BAABOOPUR,Babupur,राज कुमार पाण्डेय,
Satna,Unchahara,ICHAUL,BAD_AKHURA,Badkhura,राज कुमार पाण्डेय,
Satna,Unchahara,ICHAUL,BHATANAVARA,Bhatanwara,राज कुमार पाण्डेय,
Satna,Unchahara,ICHAUL,ICHAUL,Ichhoula,राज कुमार पाण्डेय,
Satna,Unchahara,ICHAUL,KARAHEEKALA,Karahi Kalan,दीपक सिंह,
Satna,Unchahara,ICHAUL,KARAHEEKHURD,Karahi Khurd,राज कुमार पाण्डेय,
Satna,Unchahara,ICHAUL,NARAHATHEE,Narahati,राज कुमार पाण्डेय,
Satna,Unchahara,ICHAUL,PATHARAHATA,Pathrahata,राज कुमार पाण्डेय,
Satna,Unchahara,ICHAUL,PIPAREEKALA,Pipari Kala,राज कुमार पाण्डेय,
Satna,Unchahara,ICHAUL,RAMAPURAVA,Rampurwa,राज कुमार पाण्डेय,
Satna,Unchahara,ICHAUL,SAHIJANAAUBAAREE,Sahijana Ubari,राज कुमार पाण्डेय,
Satna,Unchahara,JIGANAHAT,BAANDHEEMAUHAAR,Bandhi Mauhar,दीपक सिंह,
Satna,Unchahara,JIGANAHAT,BADAKHERA,Badkhera,दीपक सिंह,
Satna,Unchahara,JIGANAHAT,BEERAPUR,Bierpur,दीपक सिंह,
Satna,Unchahara,JIGANAHAT,BRHAREE,Bharie,दीपक सिंह,
Satna,Unchahara,JIGANAHAT,GUDHUVA,Ghudhuwa,दीपक सिंह,
Satna,Unchahara,JIGANAHAT,JIGANAHAT,Jiganhat,दीपक सिंह,
Satna,Unchahara,JIGANAHAT,LOHARAURA,Lohraura,दीपक सिंह,
Satna,Unchahara,JIGANAHAT,PATAURA,Patoura,दीपक सिंह,
Satna,Unchahara,JIGANAHAT,PIPAROKHAR,Piprokhar,दीपक सिंह,
Satna,Unchahara,JIGANAHAT,PITHAURAABAAD,Pithaurabad,दीपक सिंह,
Satna,Unchahara,JIGANAHAT,SEMAREE DUBE,Semari Dube,दीपक सिंह,
Satna,Unchahara,JIGANAHAT,TIGHARA,Tighara,दीपक सिंह,
Satna,Unchahara,PARASAMANIYA,AALAMAPUR,Alampur,राकेश ताम्रकार,
Satna,Unchahara,PARASAMANIYA,GADHAUT,Gadhaut,राकेश ताम्रकार,
Satna,Unchahara,PARASAMANIYA,ITAHAKHOKHARRA,Itaha Khokharra,राकेश ताम्रकार,
Satna,Unchahara,PARASAMANIYA,KORABARA,Korbara,राकेश ताम्रकार,
Satna,Unchahara,PARASAMANIYA,PAHAADEE,Pahadi,राकेश ताम्रकार,
Satna,Unchahara,PARASAMANIYA,PARASAMANIYA,Parsmaniya,राकेश ताम्रकार,
Satna,Unchahara,PARASAMANIYA,PATIHAT,Patihat,राकेश ताम्रकार,
Satna,Unchahara,PARASAMANIYA,PIPARIYA,Pipariya,राकेश ताम्रकार,
Satna,Unchahara,PARASAMANIYA,PURAINA,Puraina,राकेश ताम्रकार,
Satna,Unchahara,PARASAMANIYA,RAGALA,Ragla,राकेश ताम्रकार,
Satna,Unchahara,PARASAMANIYA,RAMAPURAPATHA,Rampur Patha,राकेश ताम्रकार,
Satna,Unchahara,PARASAMANIYA,TUSHAGAVA,Tusgawan,राकेश ताम्रकार,
Satna,Unchahara,PONDEE,DEVAGUNA,Devaguna,हरनाम  सिंह,
Satna,Unchahara,PONDEE,DHANENH,Dhaneh,हरनाम  सिंह,
Satna,Unchahara,PONDEE,GOVARAAVAKALA,Govara Kala,हरनाम  सिंह,
Satna,Unchahara,PONDEE,GOVARAAVAKHURD,Govara Khurd,हरनाम  सिंह,
Satna,Unchahara,PONDEE,GUDHA,Gudha,हरनाम  सिंह,
Satna,Unchahara,PONDEE,KUDAHAREEKALA,Kundharii Kala,हरनाम  सिंह,
Satna,Unchahara,PONDEE,KULHARIYAAKHURD,Klahariya Khurd,हरनाम  सिंह,
Satna,Unchahara,PONDEE,MAHAARAAJAPUR,Mahrajpur,हरनाम  सिंह,
Satna,Unchahara,PONDEE,PONDEE,Podie,हरनाम  सिंह,
Satna,Unchahara,PONDEE,SAKHAUNHAAKHURD,Sakhoha Khurd,हरनाम  सिंह,
Satna,Unchahara,PONDEE,TIGHARAPATHA,Tighara Patha,हरनाम  सिंह,
Satna,Unchahara,PONDEE,VICHAVA,Bichava,हरनाम  सिंह,
Satna,Unchahara,SHYAAMANAGAR,AMADAREE,Amdari,राकेश ताम्रकार अति0,
Satna,Unchahara,SHYAAMANAGAR,ATARA,Atara,राकेश ताम्रकार अति0,
Satna,Unchahara,SHYAAMANAGAR,JAANKHEE,Jankhi,राकेश ताम्रकार अति0,
Satna,Unchahara,SHYAAMANAGAR,KHAIREE,Khari,राकेश ताम्रकार अति0,
Satna,Unchahara,SHYAAMANAGAR,KULAGADHEE,Kulgarhi,राकेश ताम्रकार अति0,
Satna,Unchahara,SHYAAMANAGAR,LAALAPUR,Lalpur,राकेश ताम्रकार अति0,
Satna,Unchahara,SHYAAMANAGAR,MAANIKAPUR,Manikpur,राकेश ताम्रकार अति0,
Satna,Unchahara,SHYAAMANAGAR,NANDAHA,Nandaha,राकेश ताम्रकार अति0,
Satna,Unchahara,SHYAAMANAGAR,PATHARAUDHA,Pathraundha,राकेश ताम्रकार अति0,
Satna,Unchahara,SHYAAMANAGAR,SEMAREE,Semari,राकेश ताम्रकार अति0,
Satna,Unchahara,SHYAAMANAGAR,SHYAAMANAGAR,Shyamnagar,राकेश ताम्रकार अति0,
