Zila,Janpad,Upyantri,Cluster,Engineer/Cluster,Sanction Works,Sanctioned cost(lakhs),Work achievement score(max 25),Target wage Amount (lakh),Total Wage expenditure(lakhs),Wage expenditure Achievement (max 50),Target Mat Amount (lakh),Total material expenditure (lakh),Material expenditure achievement (max 25),Average work cost (lakh),Mandays 2025-2026,Mandays 2026-2027,Total Mandays,MGNREGA Booked Wages Till 30 June (lakh),MGNREGA Booked Material Till 30 June (lakh),MGNREGA Total Booked Till 30 June (lakh),VBGRAMG Booked Wages (lakh),VBGRAMG Booked Material (lakh),VBGRAMG Total Booked (lakh),Overall Booked Wages (lakh),Overall Booked Material (lakh),Overall Total Booked (lakh),Overall Exp %,Wage Booked 2025-2026 (lakh),Wage Booked 2026-2027 (lakh),Material Booked 2025-2026 (lakh),Material Booked 2026-2027 (lakh),Remaining Wage (lakh),Remaining Material (lakh),0 zero mandays work of current year,more than zero mandays work of current year,Overall Achievement,Total Score (100),Wage Paid Since Inception ₹,Material Paid Since Inception ₹,Total Paid Since Inception ₹,Nishfal Work Count,Vasuli Rashi ₹,Material Booked Work Count,Material Not Booked Work Count,Pending Material Till Date ₹,Material Paid Till Date ₹,NREGA Till 30 June Mandays,VBGRAMG Current FY Mandays,Total Mandays Generated,Exp 0% Work Count,Exp 1-5% Work Count,Exp 6-24% Work Count,Exp 25-49% Work Count,Exp 50% से अधिक Work Count,District Rank,Upyantri Janpad rank
MAIHAR,AMARPATAN,अनिल पटेल अति0 02,TALA,अनिल पटेल अति0 02 / TALA,27,58.26223,6.481481481481481,23.94763,1.68486,3.51780113522716,34.3146,5.9653739,4.346090221072081,2.1578603703703703,693,63,756,1.64886,1.8720881,3.5209481,0.036,4.0932858,4.1292858,1.68486,5.9653739,7.6502339,13.130691873620354,1.64886,0.036,1.8720881,4.0932858,22.26277,28.3492261,20,7,14.345372837780722,14.345372837780722,164886,93948.84,258834.84,0,0,9,18,2834922.6100000003,93948.84,693,63,756,0,17,2,5,3,9,3
MAIHAR,AMARPATAN,अश्वनी पटेल,LALPUR,अश्वनी पटेल / LALPUR,20,42.91985,7.5,17.29434,1.54251,4.459580417639528,25.62551,4.0393139,3.940715618928169,2.1459924999999997,569,179,748,1.43811,3.1751189999999996,4.613229,0.1044,0.8641949000000001,0.9685949,1.54251,4.0393139,5.581823899999999,13.005226952097921,1.43811,0.1044,3.1751189999999996,0.8641949000000001,15.75183,21.5861961,14,6,15.900296036567699,15.900296036567699,151641,267598.89999999997,419239.9,0,0,7,13,2158619.6100000003,267598.89999999997,569,179,748,7,6,1,4,2,6,2
MAIHAR,AMARPATAN,सुनील मिश्रा,BELA,सुनील मिश्रा / BELA,8,20.38937,6.25,8.46698,0.80634,4.761674174262842,11.92239,1.1923127,2.5001545411616295,2.54867125,294,35,329,0.76734,1.1923127,1.9596527,0.039,0,0.039,0.80634,1.1923127,1.9986526999999998,9.802424989099713,0.76734,0.039,1.1923127,0,7.66064,10.7300773,6,2,13.511828715424471,13.511828715424471,78834,54733.24,133567.24,0,0,2,6,1073007.73,54733.24,294,35,329,0,5,1,2,0,10,4
MAIHAR,AMARPATAN,श्रीमती साधना चौरे,RAMGARH,श्रीमती साधना चौरे / RAMGARH,25,45.84439,6,17.98073,0.7278378,2.023938405170424,27.86366,3.3383472999999997,2.995251969769944,1.8337755999999998,270,80,350,0.6618378,2.7781479,3.4399856999999994,0.066,0.5601994,0.6261994000000001,0.7278378,3.3383472999999997,4.0661851,8.869536926982779,0.6618378,0.066,2.7781479,0.5601994,17.252892199999998,24.5253127,19,6,11.019190374940369,11.019190374940369,66183.78,92135.41,158319.19,0,0,6,19,2452531.27,92135.41,270,80,350,0,19,2,3,1,14,5
MAIHAR,AMARPATAN,अनिल पटेल,MAUHARI KATARA,अनिल पटेल / MAUHARI KATARA,15,34.68619,18.333333333333332,14.57148,0.20672,0.7093308298127575,20.11471,1.979781,2.460613401833782,2.312412666666667,85,166,251,0.18872,1.979781,2.168501,0.018,0,0.018,0.20672,1.979781,2.1865010000000002,6.303664369018333,0.18872,0.018,1.979781,0,14.36476,18.134929,4,11,21.50327756497987,21.50327756497987,18872,26721.7,45593.7,0,0,5,10,1813492.9,26721.7,85,166,251,4,6,5,0,0,3,1
MAIHAR,AMARPATAN,अनिल पटेल अति0,PARASWAHI,अनिल पटेल अति0 / PARASWAHI,14,25.25025,3.571428571428571,9.86602,0.3654,1.8518105578541295,15.38423,0.67662,1.099535043352836,1.803589285714286,141,11,152,0.3654,0,0.3654,0,0.67662,0.67662,0.3654,0.67662,1.04202,4.1267710220690885,0.3654,0,0,0.67662,9.50062,14.70761,12,2,6.522774172635536,6.522774172635536,36540,0,36540,0,0,1,13,1470761,0,141,11,152,2,11,0,1,0,18,6
MAIHAR,MAIHAR,धनंजय त्रिपाठी,BADERA,धनंजय त्रिपाठी / BADERA,7,12.06422,0,5.06418,0.17656,1.7432239770308322,7.00004,0.66555,2.376950703138839,1.72346,96,0,96,0.17656,0.66555,0.84211,0,0,0,0.17656,0.66555,0.84211,6.980227482589012,0.17656,0,0.66555,0,4.88762,6.33449,7,0,4.120174680169671,4.120174680169671,17656,66555,84211,0,0,3,4,633449,66555,96,0,96,1,3,3,0,0,20,9
MAIHAR,MAIHAR,राजा भैया सिंह,TILAURA,राजा भैया सिंह / TILAURA,15,29.70854,6.666666666666667,12.27764,0.6162636,2.50969893236811,17.4309,1.7304081000000002,2.4818111801456038,1.9805693333333332,404,97,501,0.6162636,1.7304081000000002,2.3466717000000004,0,0,0,0.6162636,1.7304081000000002,2.3466717000000004,7.898980225887911,0.6162636,0,1.7304081000000002,0,11.661376399999998,15.7004919,11,4,11.658176779180382,11.658176779180382,61626.36,173040.81000000003,234667.17,0,0,6,9,1570049.19,173040.81000000003,404,97,501,1,8,5,1,0,13,6
MAIHAR,MAIHAR,जय अर्खेल,PONDI,जय अर्खेल / PONDI,4,7.68585,18.75,3.17223,0.4450742,7.015162834977287,4.51362,1.7532834999999998,9.711071711841049,1.9214625,171,38,209,0.4450742,1.7532834999999998,2.1983576999999994,0,0,0,0.4450742,1.7532834999999998,2.1983576999999994,28.60266203477819,0.4450742,0,1.7532834999999998,0,2.7271558000000002,2.7603365,1,3,35.47623454681834,35.47623454681834,44507.42,0,44507.42,0,0,4,0,276033.65,0,171,38,209,0,0,1,3,0,1,1
MAIHAR,MAIHAR,राज रंजन तिवारी,KUSEDI,राज रंजन तिवारी / KUSEDI,10,19.58763,5,8.06571,0.5715513000000001,3.5430935404322748,11.52192,0.8731222999999999,1.894480911167583,1.958763,222,56,278,0.5428413000000001,0.8731222999999999,1.4159635999999998,0.02871,0,0.02871,0.5715513000000001,0.8731222999999999,1.4446735999999998,7.375438478264088,0.5428413000000001,0.02871,0.8731222999999999,0,7.4941587,10.6487977,8,2,10.437574451599858,10.437574451599858,57155.130000000005,87312.23,144467.36,0,0,2,8,1064879.77,87312.23,222,56,278,0,6,2,2,0,16,8
MAIHAR,MAIHAR,सुरेश सिंह,SONWARI,सुरेश सिंह / SONWARI,8,17.06583,6.25,7.02393,0.19825679999999993,1.4112953859164308,10.0419,1.2044439999999998,2.9985460918750437,2.13322875,73,3,76,0.19042679999999992,1.2044439999999998,1.3948707999999999,0.00783,0,0.00783,0.19825679999999993,1.2044439999999998,1.4027007999999999,8.21935294093519,0.19042679999999992,0.00783,1.2044439999999998,0,6.825673200000001,8.837456,6,2,10.659841477791474,10.659841477791474,19825.679999999993,120444.4,140270.08,0,0,3,5,883745.6,120444.4,73,3,76,0,5,3,0,0,15,7
MAIHAR,MAIHAR,राज रंजन तिवारी अति0,PAKARIYA,राज रंजन तिवारी अति0 / PAKARIYA,6,11.64341,12.5,4.65839,0.4832777999999999,5.187176256174342,6.98502,1.2034384,4.307211718792502,1.9405683333333332,172,143,315,0.4467377999999999,1.2034384,1.6501762,0.03654,0,0.03654,0.4832777999999999,1.2034384,1.6867162,14.486445122176406,0.4467377999999999,0.03654,1.2034384,0,4.1751122,5.7815816,3,3,21.994387974966845,21.994387974966845,48327.78,29828,78155.78,0,0,2,4,578158.16,29828,172,143,315,0,2,2,1,1,2,2
MAIHAR,MAIHAR,बृजेश सिंह,AMDARA,बृजेश सिंह / AMDARA,14,29.71811,10.714285714285714,12.23426,0.6424152999999998,2.625476735004814,17.48385,1.6439335999999998,2.350645881770891,2.122722142857143,201,183,384,0.41459949999999984,1.6439335999999998,2.0585330999999996,0.2278158,0,0.2278158,0.6424152999999998,1.6439335999999998,2.2863488999999997,7.693453251233001,0.41459949999999984,0.2278158,1.6439335999999998,0,11.5918447,15.839916400000002,8,6,15.690408331061418,15.690408331061418,62442.609999999986,80312.4,142755.00999999998,0,0,5,9,1583991.6400000001,80312.4,201,183,384,0,7,7,0,0,7,4
MAIHAR,MAIHAR,योगेन्द्र सिंह अति0,NADAN SHARDAPRASAD,योगेन्द्र सिंह अति0 / NADAN SHARDAPRASAD,4,8.50635,0,3.46792,0.041722800000000004,0.6015536690581098,5.03843,0.10461100000000001,0.5190654628525155,2.1265875,16,0,16,0.041722800000000004,0.10461100000000001,0.1463338,0,0,0,0.041722800000000004,0.10461100000000001,0.1463338,1.7202889606000225,0.041722800000000004,0,0.10461100000000001,0,3.4261972,4.933819000000001,4,0,1.1206191319106253,1.1206191319106253,4172.280000000001,0,4172.280000000001,0,0,1,3,493381.9,0,16,0,16,0,4,0,0,0,21,10
MAIHAR,MAIHAR,योगेन्द्र सिंह,RIWARA,योगेन्द्र सिंह / RIWARA,9,22.46643,5.555555555555555,9.58865,0.9779596999999999,5.099569282432875,12.87778,0.9234924000000001,1.792802020223983,2.49627,369,36,405,0.9479596999999998,0.9234924000000001,1.8714521,0.03,0,0.03,0.9779596999999999,0.9234924000000001,1.9014521,8.46352580271988,0.9479596999999998,0.03,0.9234924000000001,0,8.6106903,11.9542876,7,2,12.447926858212414,12.447926858212414,95095.96999999999,0,95095.96999999999,0,0,3,6,1195428.76,0,369,36,405,2,3,3,1,0,12,5
MAIHAR,MAIHAR,श्रीमती मीना अग्रवाल,GOBRI,श्रीमती मीना अग्रवाल / GOBRI,9,15.45029,13.88888888888889,6.22665,0.2746096,2.205115110051151,9.22364,0.8732028,2.366752171593861,1.716698888888889,108,15,123,0.2641696,0.8732028,1.1373723999999998,0.01044,0,0.01044,0.2746096,0.8732028,1.1478123999999998,7.429067027220848,0.2641696,0.01044,0.8732028,0,5.9520404000000005,8.3504372,4,5,18.460756170533898,18.460756170533898,26938.96,0,26938.96,0,0,2,7,835043.72,0,108,15,123,1,6,0,2,0,5,3
SATNA,MAJHGAWAN,आशीष तिवारी अति0,MAJHGAWAN,आशीष तिवारी अति0 / MAJHGAWAN,18,47.56664,0,19.66345,1.4964037,3.805038535963933,27.90319,2.1725452,1.9465025325061398,2.642591111111111,672,0,672,1.4964037,2.1725452,3.6689489,0,0,0,1.4964037,2.1725452,3.6689489,7.713281619218848,1.4964037,0,2.1725452,0,18.1670463,25.7306448,18,0,5.751541068470073,5.751541068470073,149640.37,0,149640.37,0,0,5,13,2573064.4800000004,0,672,0,672,5,6,5,2,0,35,7
SATNA,MAJHGAWAN,सत्यनारायण मिश्रा,PRATAPPUR,सत्यनारायण मिश्रा / PRATAPPUR,19,40.14213,0,16.31475,2.7978575999999995,8.574626028593755,23.82738,4.1024462,4.304340426853477,2.1127436842105265,1143,0,1143,2.7978575999999995,4.1024462,6.900303799999999,0,0,0,2.7978575999999995,4.1024462,6.900303799999999,17.189680268585644,2.7978575999999995,0,4.1024462,0,13.5168924,19.7249338,19,0,12.878966455447232,12.878966455447232,279785.75999999995,69347.42,349133.18,0,0,8,11,1972493.3800000001,69347.42,1143,0,1143,1,8,7,2,1,20,2
SATNA,MAJHGAWAN,अखिलेश सोनी,BADKHERA,अखिलेश सोनी / BADKHERA,2,5.31928,0,2.23223,0.2161904,4.842475909740484,3.08705,0.888256,7.19340470675888,2.65964,101,0,101,0.2161904,0.888256,1.1044464,0,0,0,0.2161904,0.888256,1.1044464,20.763080717691118,0.2161904,0,0.888256,0,2.0160396,2.198794,2,0,12.035880616499364,12.035880616499364,21619.04,0,21619.04,0,0,2,0,219879.4,0,101,0,101,0,0,2,0,0,22,3
SATNA,MAJHGAWAN,रमाकांत त्रिपाठी अति0,KARIGOHI,रमाकांत त्रिपाठी अति0 / KARIGOHI,8,17.19958,3.125,7.21486,0.408885,2.8336308674042185,9.98472,1.0391316,2.6018045573636517,2.1499475,171,10,181,0.382785,1.0391316,1.4219166,0.0261,0,0.0261,0.408885,1.0391316,1.4480166,8.418906740745994,0.382785,0.0261,1.0391316,0,6.805975,8.9455884,7,1,8.56043542476787,8.56043542476787,40888.5,0,40888.5,0,0,2,6,894558.84,0,171,10,181,5,1,1,0,1,27,5
SATNA,MAJHGAWAN,देवेन्द्र सिंह,KHADAURRA,देवेन्द्र सिंह / KHADAURRA,6,14.06924,4.166666666666666,5.80149,0.42848,3.692844424449581,8.26775,0.4009567,1.212411780714221,2.3448733333333336,176,66,242,0.42848,0.4009567,0.8294367,0,0,0,0.42848,0.4009567,0.8294367,5.895390937961112,0.42848,0,0.4009567,0,5.37301,7.866793299999999,5,1,9.071922871830468,9.071922871830468,42848,0,42848,0,0,1,5,786679.33,0,176,66,242,2,2,1,1,0,25,4
SATNA,MAJHGAWAN,आशीष तिवारी,BARAUNDHA,आशीष तिवारी / BARAUNDHA,11,23.51024,0,9.62766,0.6228,3.234430796268252,13.88258,2.1071076,3.7945173015390514,2.1372945454545453,243,0,243,0.6228,2.1071076,2.7299076,0,0,0,0.6228,2.1071076,2.7299076,11.611568405937158,0.6228,0,2.1071076,0,9.00486,11.7754724,11,0,7.028948097807303,7.028948097807303,62280,0,62280,0,0,3,8,1177547.24,0,243,0,243,4,2,2,3,0,30,6
SATNA,MAJHGAWAN,सतीस समेले,HIRAUNDI,सतीस समेले / HIRAUNDI,8,18.44132,0,7.66038,0.258,1.6839895670971934,10.78094,0.9564083999999999,2.21782237912464,2.305165,118,0,118,0.258,0.9564083999999999,1.2144084,0,0,0,0.258,0.9564083999999999,1.2144084,6.585257454455537,0.258,0,0.9564083999999999,0,7.40238,9.8245316,8,0,3.9018119462218337,3.9018119462218337,25800,0,25800,0,0,2,6,982453.16,0,118,0,118,6,0,1,1,0,38,8
SATNA,MAJHGAWAN,रमाकांत त्रिपाठी,PINDRA,रमाकांत त्रिपाठी / PINDRA,13,26.842939500000004,3.8461538461538463,11.0060174,2.08201,9.4585076705403,15.836922099999999,3.9115637,6.174753647364345,2.0648415000000004,808,50,858,2.08201,3.9115637,5.9935737,0,0,0,2.08201,3.9115637,5.9935737,22.328306108203982,2.08201,0,3.9115637,0,8.9240074,11.925358399999999,11,2,19.47941516405849,19.47941516405849,208201,267806.42,476007.42,0,0,7,6,1192535.84,267806.42,808,50,858,0,4,6,0,3,16,1
SATNA,NAGOD,कौशल पटेल अति0,KATKONKALA,कौशल पटेल अति0 / KATKONKALA,16,29.96197,7.8125,11.85749,1.5173312999999997,6.398197679272763,18.10448,4.1301825,5.703260325621062,1.872623125,933,142,1075,1.4254312999999998,4.1301825,5.5556138,0.0919,0,0.0919,1.5173312999999997,4.1301825,5.6475138000000005,18.84894017315951,1.4254312999999998,0.0919,4.1301825,0,10.3401587,13.9742975,11,5,19.913958004893825,19.913958004893825,152293.11,137928,290221.11000000004,4,2820,6,10,1397429.75,137928,933,142,1075,0,10,0,3,3,14,5
SATNA,NAGOD,राजीवलोचन त्रिपाठी,SHIVRAJPUR,राजीवलोचन त्रिपाठी / SHIVRAJPUR,10,20.93622,10,8.44238,1.48185,8.77625740608691,12.49384,4.148371999999999,8.300834651316167,2.093622,556,157,713,1.29705,4.148371999999999,5.445422,0.1848,0,0.1848,1.48185,4.148371999999999,5.630222,26.892256577357326,1.29705,0.1848,4.148371999999999,0,6.96053,8.345468,6,4,27.07709205740308,27.07709205740308,129705,0,129705,0,0,8,2,834546.7999999999,0,556,157,713,0,2,3,4,1,5,3
SATNA,NAGOD,संकल्प राणा,DUREHA,संकल्प राणा / DUREHA,17,32.20979,13.23529411764706,12.73686,2.8747067,11.28498978555154,19.47293,2.489612,3.19624730330772,1.8946935294117646,1340,183,1523,2.85271,2.489612,5.342321999999999,0.0219967,0,0.0219967,2.8747067,2.489612,5.3643187,16.65431131342365,2.85271,0.0219967,2.489612,0,9.862153300000001,16.983318,8,9,27.716531206506318,27.716531206506318,287221,58652.2,345873.2,0,0,8,9,1698331.8,58652.2,1340,183,1523,0,8,3,6,0,3,2
SATNA,NAGOD,हेमंत तिवारी,BARAPATTHAR,हेमंत तिवारी / BARAPATTHAR,8,17.92332,18.75,7.45366,1.9196801000000001,12.877432697493582,10.46966,2.7235943,6.503540468362869,2.240415,645,270,915,1.5596801,2.7235943,4.2832744,0.36,0,0.36,1.9196801000000001,2.7235943,4.6432744,25.906329854067216,1.5596801,0.36,2.7235943,0,5.5339799,7.746065700000001,2,6,38.13097316585645,38.13097316585645,173968.01,0,173968.01,1,1256.01,4,4,774606.57,0,645,270,915,0,2,2,4,0,1,1
SATNA,NAGOD,कौशल पटेल,SINGHPUR,कौशल पटेल / SINGHPUR,18,35.57183,6.944444444444445,14.19602,1.8160822999999997,6.396448793394203,21.37581,4.481034,5.240776840737263,1.9762127777777776,771,230,1001,1.5543535999999998,4.481034,6.0353876,0.2617287,0,0.2617287,1.8160822999999997,4.481034,6.2971163,17.702536810729164,1.5543535999999998,0.2617287,4.481034,0,12.379937700000001,16.894776,13,5,18.58167007857591,18.58167007857591,159514.19,256538.4,416052.58999999997,3,7516,8,10,1689477.6,256538.4,771,230,1001,0,9,3,5,1,17,6
SATNA,NAGOD,प्रमोद तिवारी,SURDAHA KALA,प्रमोद तिवारी / SURDAHA KALA,11,19.98949,2.272727272727273,7.83233,0.6348731000000001,4.052900605566926,12.15716,0.82879,1.7043248587663569,1.8172263636363637,261,14,275,0.6348731000000001,0.82879,1.4636631,0,0,0,0.6348731000000001,0.82879,1.4636631,7.322163296812474,0.6348731000000001,0,0.82879,0,7.1974569,11.32837,10,1,8.029952737060556,8.029952737060556,63487.310000000005,0,63487.310000000005,0,0,2,9,1132837,0,261,14,275,0,9,0,2,0,28,7
SATNA,NAGOD,निशा तिवारी,SITPURA,निशा तिवारी / SITPURA,9,17.72788,0,7.39843,0.80447,5.43676158320076,10.32945,0.588,1.4231154611329742,1.9697644444444444,353,0,353,0.80447,0.588,1.39247,0,0,0,0.80447,0.588,1.39247,7.8546899008792925,0.80447,0,0.588,0,6.59396,9.74145,9,0,6.859877044333734,6.859877044333734,80447,0,80447,0,0,1,8,974145,0,353,0,353,0,6,2,1,0,32,8
SATNA,NAGOD,रितेश राजपूत,JASO,रितेश राजपूत / JASO,11,19.55199,13.636363636363635,7.66563,1.22408,7.984210038835686,11.88636,2.4788296,5.213601136092126,1.7774536363636364,480,48,528,1.17308,2.4788296,3.6519096,0.051,0,0.051,1.22408,2.4788296,3.7029096000000004,18.93878628211246,1.17308,0.051,2.4788296,0,6.44155,9.4075304,5,6,26.834174811291447,26.834174811291447,117608,100429.54000000001,218037.53999999998,5,1850,6,5,940753.04,100429.54000000001,480,48,528,2,3,0,6,0,6,4
MAIHAR,RAMNAGAR,संजय गुप्ता,JIGNA,संजय गुप्ता / JIGNA,15,32.51838,6.666666666666667,14.55644,1.01829,3.4977302142556836,17.96194,1.955829,2.722185075776893,2.167892,389,34,423,1.01529,1.955829,2.9711190000000003,0.003,0,0.003,1.01829,1.955829,2.9741190000000004,9.145962990776294,1.01529,0.003,1.955829,0,13.53815,16.006111,11,4,12.886581956699242,12.886581956699242,101529,0,101529,0,0,15,0,1600611.1,0,389,34,423,0,9,6,0,0,11,3
MAIHAR,RAMNAGAR,श्रीमती साधना सिंह,GORSARI,श्रीमती साधना सिंह / GORSARI,27,48.92707,9.25925925925926,20.28892,1.8571242,4.576695555998052,28.63815,5.5428630000000005,4.838705537892637,1.8121137037037036,644,167,811,1.6622341999999999,5.5428630000000005,7.2050972,0.19489,0,0.19489,1.8571242,5.5428630000000005,7.3999872,15.124525543834935,1.6622341999999999,0.19489,5.5428630000000005,0,18.4317958,23.095287000000003,17,10,18.67466035314995,18.67466035314995,172358.41999999998,3000,175358.42,0,0,24,3,2309528.7,3000,644,167,811,0,6,12,9,0,4,1
MAIHAR,RAMNAGAR,राजा राम चंदेल,BADAITMA,राजा राम चंदेल / BADAITMA,29,50.35772,2.586206896551724,20.69002,0.7144117000000001,1.7264644983426793,29.6677,2.081709,1.7541880563710703,1.7364731034482759,266,27,293,0.6941320000000001,2.081709,2.775841,0.0202797,0,0.0202797,0.7144117000000001,2.081709,2.7961207,5.552516476123224,0.6941320000000001,0.0202797,2.081709,0,19.9756083,27.585991,26,3,6.066859451265474,6.066859451265474,71441.17000000001,0,71441.17000000001,0,0,25,4,2758599.1,0,266,27,293,0,21,7,1,0,19,5
MAIHAR,RAMNAGAR,राजा राम चंदेल अति0,MURTIHAI,राजा राम चंदेल अति0 / MURTIHAI,21,35.2622,5.952380952380952,14.60177,1.0646014000000001,3.6454532566942235,20.66043,4.1150755000000006,4.97941657071029,1.679152380952381,239,215,454,0.6236014000000001,4.1150755000000006,4.738676900000001,0.441,0,0.441,1.0646014000000001,4.1150755000000006,5.1796769000000005,14.68903500065226,0.6236014000000001,0.441,4.1150755000000006,0,13.5371686,16.5453545,16,5,14.577250779785466,14.577250779785466,62360.14000000001,1000,63360.14000000001,0,0,19,2,1654535.4500000002,1000,239,215,454,0,6,14,1,0,8,2
MAIHAR,RAMNAGAR,अनिल पाण्डेय,GANGASAGAR,अनिल पाण्डेय / GANGASAGAR,13,19.62122,3.8461538461538463,8.26056,0.46458,2.8120369563322583,11.36066,1.6797575,3.6964346701688107,1.5093246153846154,178,7,185,0.46458,1.6797575,2.1443375,0,0,0,0.46458,1.6797575,2.1443375,10.928665495825438,0.46458,0,1.6797575,0,7.79598,9.6809025,11,2,10.354625472654915,10.354625472654915,46458,32195.15,78653.15,0,0,12,1,968090.25,32195.15,178,7,185,0,7,3,3,0,17,4
SATNA,RAMPUR BAGHELAN,मोतीलाल लढ़िया,ABER,मोतीलाल लढ़िया / ABER,7,18.65992,3.571428571428571,7.97483,0.25056,1.570942578086304,10.68509,0.45488480000000003,1.0642980077846795,2.665702857142857,96,72,168,0.25056,0.45488480000000003,0.7054448000000001,0,0,0,0.25056,0.45488480000000003,0.7054448000000001,3.780534964780128,0.25056,0,0.45488480000000003,0,7.72427,10.2302052,6,1,6.2066691572995545,6.2066691572995545,25056,0,25056,0,0,1,6,1023020.52,0,96,72,168,6,0,0,1,0,33,5
SATNA,RAMPUR BAGHELAN,भूपेन्द्र सिंह संविदा,CHORMARI,भूपेन्द्र सिंह संविदा / CHORMARI,11,20.7826445,9.090909090909092,8.6861602,1.0778735,6.204545364014814,12.0964843,2.0731215,4.284553777331816,1.889331318181818,395,75,470,0.9863084,1.6396214999999998,2.6259299,0.0915651,0.4335,0.5250651000000001,1.0778735,2.0731215,3.150995,15.161665302026408,0.9863084,0.0915651,1.6396214999999998,0.4335,7.608286700000001,10.0233628,7,4,19.58000823225572,19.58000823225572,107787.35,80810.8,188598.15,0,0,5,6,1002336.28,80810.8,395,75,470,5,1,1,4,0,15,3
SATNA,RAMPUR BAGHELAN,मनोज खम्परिया,KRISHNAGARH,मनोज खम्परिया / KRISHNAGARH,9,22.80135,0,9.72211,1.8350556,9.437537736149869,13.07924,5.821466,11.127301739244789,2.5334833333333333,734,0,734,1.8350556,5.821466,7.6565216,0,0,0,1.8350556,5.821466,7.6565216,33.57924684284044,1.8350556,0,5.821466,0,7.887054399999999,7.257774,9,0,20.564839475394656,20.564839475394656,183505.56,0,183505.56,0,0,8,1,725777.4,0,734,0,734,0,1,0,7,1,12,2
SATNA,RAMPUR BAGHELAN,रमेश सिंह,GORAIYA,रमेश सिंह / GORAIYA,9,21.73324,8.333333333333332,9.37633,0.21986,1.1724203393011978,12.35691,0,0,2.414804444444444,28,49,77,0.07286,0,0.07286,0.147,0,0.147,0.21986,0,0.21986,1.0116301112949564,0.07286,0.147,0,0,9.15647,12.35691,6,3,9.50575367263453,9.50575367263453,12386,0,12386,0,0,0,9,1235691,0,28,49,77,4,4,1,0,0,24,4
SATNA,RAMPUR BAGHELAN,श्रीमती अन्नपूर्णा सिंह,BELA,श्रीमती अन्नपूर्णा सिंह / BELA,11,18.95804,0,7.83457,0.1001006,0.6388391449690283,11.12347,2.10702,4.7355276725698,1.7234581818181818,47,0,47,0.1001006,2.10702,2.2071206,0,0,0,0.1001006,2.10702,2.2071206,11.642134946439612,0.1001006,0,2.10702,0,7.734469399999999,9.01645,11,0,5.374366817538828,5.374366817538828,10010.06,0,10010.06,0,0,3,8,901645,0,47,0,47,3,5,0,3,0,36,7
SATNA,RAMPUR BAGHELAN,प्रमोद शुक्ला,SAJJANPUR,प्रमोद शुक्ला / SAJJANPUR,7,18.683586400000003,3.571428571428571,7.9604696,0.037500399999999996,0.23554138062407776,10.7231168,0.9843,2.2948085392485886,2.669083771428572,53,21,74,0.037500399999999996,0.9843,1.0218003999999998,0,0,0,0.037500399999999996,0.9843,1.0218003999999998,5.468973558524073,0.037500399999999996,0,0.9843,0,7.922969199999999,9.738816799999999,6,1,6.101778491301237,6.101778491301237,3750.04,0,3750.04,0,0,2,5,973881.6799999999,0,53,21,74,2,3,2,0,0,34,6
SATNA,RAMPUR BAGHELAN,मनोज खम्परिया अति0,BIHRA NO. 2,मनोज खम्परिया अति0 / BIHRA NO. 2,20,43.72513,3.75,18.51956,0.586534,1.5835527409938468,25.20557,0,0,2.1862565,226,58,284,0.586534,0,0.586534,0,0,0,0.586534,0,0.586534,1.3414116779069611,0.586534,0,0,0,17.933026,25.20557,17,3,5.333552740993847,5.333552740993847,58653.4,0,58653.4,0,0,0,20,2520557,0,226,58,284,3,15,2,0,0,37,8
SATNA,RAMPUR BAGHELAN,अजय खरे,MAHURACHHKADAILA,अजय खरे / MAHURACHHKADAILA,1,1.48188,0,0.59305,0.19067,16.075373071410503,0.88883,0.22147,6.229256438239034,1.48188,76,0,76,0.19067,0.22147,0.41214,0,0,0,0.19067,0.22147,0.41214,27.811968580451857,0.19067,0,0.22147,0,0.40238,0.66736,1,0,22.304629509649537,22.304629509649537,19067,0,19067,0,0,1,0,66736,0,76,0,76,0,0,0,1,0,10,1
SATNA,SATNA,महेन्‍द्र पारधी,BARAKALA,महेन्‍द्र पारधी / BARAKALA,14,25.73312,7.142857142857142,10.01298,0.55137,2.753276247430835,15.72014,1.5431660999999999,2.4541227050140773,1.83808,207,9,216,0.53937,1.5431660999999999,2.0825361,0.012,0,0.012,0.55137,1.5431660999999999,2.0945361,8.139456466996617,0.53937,0.012,1.5431660999999999,0,9.46161,14.176973900000002,10,4,12.350256095302054,12.350256095302054,54237,117196.61,171433.61,0,0,11,3,1417697.3900000001,117196.61,207,9,216,0,5,8,1,0,21,4
SATNA,SATNA,कुलदीप पयासी,SEMARIA,कुलदीप पयासी / SEMARIA,17,30.91086,7.352941176470589,12.35076,0.8544565000000001,3.459125187437859,18.5601,1.57773,2.1251636575233968,1.818285882352941,331,64,395,0.7836118000000001,1.57773,2.3613418,0.0708447,0,0.0708447,0.8544565000000001,1.57773,2.4321865000000003,7.8683883269504635,0.7836118000000001,0.0708447,1.57773,0,11.496303500000002,16.98237,12,5,12.937230021431844,12.937230021431844,82477.43999999999,97123,179600.44000000003,0,0,8,9,1698237,97123,331,64,395,0,9,7,1,0,19,3
SATNA,SATNA,व्हीके मिश्रा अति0,SOHAWAL,व्हीके मिश्रा अति0 / SOHAWAL,16,30.2593,4.6875,12.22344,0.6512939999999999,2.6641191023148965,18.03586,1.041085,1.4430764598971162,1.89120625,242,59,301,0.5890002999999999,1.041085,1.6300853,0.06229370000000001,0,0.06229370000000001,0.6512939999999999,1.041085,1.6923789999999999,5.592921845515263,0.5890002999999999,0.06229370000000001,1.041085,0,11.572146,16.994775,13,3,8.794695562212013,8.794695562212013,60986.23999999999,100338.5,161324.74,0,0,7,9,1699477.5,100338.5,242,59,301,0,9,7,0,0,26,6
SATNA,SATNA,संजय पाण्डेय,BHAINSWAR,संजय पाण्डेय / BHAINSWAR,14,25.1107,7.142857142857142,9.99313,0.44719919999999996,2.2375331852983,15.11757,0.9332360000000001,1.5432969716693887,1.7936214285714287,160,56,216,0.3991992,0.9332360000000001,1.3324352000000002,0.048,0,0.048,0.44719919999999996,0.9332360000000001,1.3804352000000002,5.497398320237987,0.3991992,0.048,0.9332360000000001,0,9.545930799999999,14.184334,10,4,10.92368729982483,10.92368729982483,45619.92,5800,51419.92,3,2346,6,8,1418433.4000000001,5800,160,56,216,1,10,3,0,0,23,5
SATNA,SATNA,शिवलाल भारती,RAIGAON,शिवलाल भारती / RAIGAON,7,12.49105,14.285714285714285,4.99746,0.4861332,4.863802811828409,7.49359,0.40755,1.3596620578387664,1.7844357142857141,172,14,186,0.4471832,0.40755,0.8547332000000001,0.03895,0,0.03895,0.4861332,0.40755,0.8936832000000001,7.1545882852122125,0.4471832,0.03895,0.40755,0,4.5113268,7.08604,3,4,20.509179155381457,20.509179155381457,45018.32,17400,62418.32,0,0,7,0,708604,17400,172,14,186,0,1,6,0,0,13,2
SATNA,SATNA,व्‍ही0के0मिश्रा,BHARJUNAKHUAD,व्‍ही0के0मिश्रा / BHARJUNAKHUAD,18,33.48486,2.7777777777777777,13.56106,0.7794570999999999,2.873879696719873,19.9238,1.58197,1.9850254469528907,1.8602699999999999,385,16,401,0.7418771999999999,1.58197,2.3238472,0.0375799,0,0.0375799,0.7794570999999999,1.58197,2.3614271,7.052223303307822,0.7418771999999999,0.0375799,1.58197,0,12.781602900000001,18.34183,16,2,7.636682921450541,7.636682921450541,75387.51999999999,123830,199217.52000000002,0,0,7,11,1834183,123830,385,16,401,1,13,3,1,0,29,7
SATNA,SATNA,आशुतोष वर्मा,PHUTAUNDHA,आशुतोष वर्मा / PHUTAUNDHA,6,11.78291,16.666666666666664,4.8169,0.4759416,4.940330918225415,6.96601,0.403088,1.4466243947396,1.9638183333333332,154,60,214,0.40109160000000005,0.403088,0.8041796000000001,0.07485,0,0.07485,0.4759416,0.403088,0.8790296000000001,7.460208047078353,0.40109160000000005,0.07485,0.403088,0,4.3409584,6.5629219999999995,2,4,23.05362197963168,23.05362197963168,45192.16,21604.4,66796.56,0,0,5,1,656292.2,21604.4,154,60,214,0,4,2,0,0,9,1
SATNA,SATNA,धर्मेन्द्र कोरी,BARAHANA,धर्मेन्द्र कोरी / BARAHANA,2,4.32876,0,1.76205,0.12267060000000002,3.4809057631735767,2.56671,0.3625,3.5307845451959903,2.16438,60,0,60,0.12267060000000002,0.3625,0.48517059999999995,0,0,0,0.12267060000000002,0.3625,0.48517059999999995,11.20807344366516,0.12267060000000002,0,0.3625,0,1.6393794,2.20421,2,0,7.011690308369567,7.011690308369567,12267.060000000001,29000,41267.06,0,0,2,0,220421,29000,60,0,60,0,0,2,0,0,31,8
SATNA,UNCHAHARA,राकेश ताम्रकार,PARASAMANIYA,राकेश ताम्रकार / PARASAMANIYA,19,33.36437,10.526315789473683,14.96591,1.4917707,4.9838957337041325,18.39846,6.1752634,8.391005823313474,1.7560194736842105,696,159,855,1.4464510000000002,6.1752634,7.621714400000001,0.04531969999999999,0,0.04531969999999999,1.4917707,6.1752634,7.667034100000001,22.97970589584039,1.4464510000000002,0.04531969999999999,6.1752634,0,13.4741393,12.2231966,11,8,23.90121734649129,23.90121734649129,146815.09,0,146815.09,0,0,14,5,1222319.6600000001,0,696,159,855,0,4,6,9,0,7,3
SATNA,UNCHAHARA,राज कुमार पाण्डेय अति 0,BIHATA,राज कुमार पाण्डेय अति 0 / BIHATA,24,43.57379,13.541666666666666,17.47459,0.514448,1.471988756245497,26.0992,6.211917,5.950294453469838,1.8155745833333334,196,139,335,0.40884800000000004,6.211917,6.620765,0.1056,0,0.1056,0.514448,6.211917,6.726365,15.436722396651748,0.40884800000000004,0.1056,6.211917,0,16.960142,19.887283,11,13,20.963949876382,20.963949876382,43974.8,101389.4,145364.2,0,0,18,6,1988728.3000000003,101389.4,196,139,335,2,4,17,1,0,11,5
SATNA,UNCHAHARA,राकेश ताम्रकार अति0,SHYAAMANAGAR,राकेश ताम्रकार अति0 / SHYAAMANAGAR,11,20.78948,15.909090909090908,10.28816,0.44429199999999996,2.1592393586413894,10.50132,3.82099,9.096451684169228,1.8899527272727275,165,60,225,0.3545718,3.82099,4.1755618,0.0897202,0,0.0897202,0.44429199999999996,3.82099,4.265282,20.516540096240984,0.3545718,0.0897202,3.82099,0,9.843868,6.68033,4,7,27.164781951901524,27.164781951901524,36026.18,24939,60965.180000000015,0,0,10,1,668033,24939,165,60,225,0,1,8,2,0,4,2
SATNA,UNCHAHARA,राज कुमार पाण्डेय,ICHAUL,राज कुमार पाण्डेय / ICHAUL,8,16.41662,15.625,6.744,0.16658979999999998,1.2350963819691578,9.67262,2.7143409999999997,7.015526816932743,2.0520775,82,6,88,0.1545898,2.7143409999999997,2.8689308,0.012,0,0.012,0.16658979999999998,2.7143409999999997,2.8809308,17.548866940941554,0.1545898,0.012,2.7143409999999997,0,6.5774102,6.958279,3,5,23.8756231989019,23.8756231989019,15758.98,0,15758.98,0,0,6,2,695827.9,0,82,6,88,1,1,4,2,0,8,4
SATNA,UNCHAHARA,दीपक सिंह,JIGANAHAT,दीपक सिंह / JIGANAHAT,21,37.75705,8.333333333333332,15.0007,0.7634458000000001,2.5447005806395704,22.75635,2.598338,2.8545197274606866,1.7979547619047618,228,108,336,0.49289760000000005,2.598338,3.0912356,0.2705482,0,0.2705482,0.7634458000000001,2.598338,3.3617838,8.903724734850844,0.49289760000000005,0.2705482,2.598338,0,14.237254199999999,20.158012,14,7,13.73255364143359,13.73255364143359,51053.76,0,51053.76,0,0,7,14,2015801.2000000002,0,228,108,336,0,13,6,2,0,18,6
SATNA,UNCHAHARA,हरनाम  सिंह,PONDEE,हरनाम  सिंह / PONDEE,19,40.37024,18.421052631578945,16.69122,1.9786090000000003,5.927095203346431,23.67902,6.253488000000001,6.602350941888643,2.1247494736842105,576,212,788,1.4716090000000002,6.253488000000001,7.725097000000001,0.507,0,0.507,1.9786090000000003,6.253488000000001,8.232097000000001,20.391498787225444,1.4716090000000002,0.507,6.253488000000001,0,14.712611,17.425532,5,14,30.950498776814023,30.950498776814023,161560.90000000002,0,161560.90000000002,0,0,15,4,1742553.2000000002,0,576,212,788,1,3,6,9,0,2,1
